"CANADIAN DOLLAR - CHICAGO MERCANTILE EXCHANGE",180306,2018-03-06,090741,CME ,00,090 ,  139318,    5111,   55221,     814,   28289,   15600,    3108,   52320,   25294,    8776,    8364,    1034,     422,  107204,  110269,   32114,   29049,   -6033,    -624,  -19803,     440,   -4835,    3584,     -52,    1155,    1142,    1117,    2095,      20,      37,    -667,  -13515,   -5366,    7482,  100.0,    3.7,   39.6,    0.6,   20.3,   11.2,    2.2,   37.6,   18.2,    6.3,    6.0,    0.7,    0.3,   76.9,   79.1,   23.1,   20.9,     94,.,     10,      7,     12,      9,      4,     21,     29,     19,      8,.,      4,     61,     67,    33.4,    33.7,    47.7,    44.6,    32.6,    33.7,    45.1,    44.0,"(CONTRACTS OF CAD 100,000)","090741","CME ","090 ","F10","FutOnly"
"SWISS FRANC - CHICAGO MERCANTILE EXCHANGE",180306,2018-03-06,092741,CME ,00,092 ,   62349,   27090,   17479,     206,    3776,    4726,     373,   14579,   23283,    1504,     480,    1618,       0,   48008,   49189,   14341,   13160,   -6669,    3321,   -1199,       9,   -1189,     -73,     -31,   -9863,   -5194,    -263,       0,      50,       0,   -8016,   -6701,    1347,      32,  100.0,   43.4,   28.0,    0.3,    6.1,    7.6,    0.6,   23.4,   37.3,    2.4,    0.8,    2.6,    0.0,   77.0,   78.9,   23.0,   21.1,     46,      4,      5,.,      5,      6,.,     10,     14,      7,.,.,      0,     26,     31,    49.9,    41.6,    60.9,    55.5,    49.9,    41.4,    60.9,    55.3,"(CONTRACTS OF CHF 125,000)","092741","CME ","092 ","F10","FutOnly"
"BRITISH POUND STERLING - CHICAGO MERCANTILE EXCHANGE",180306,2018-03-06,096742,CME ,00,096 ,  197439,   44035,   54722,   10357,   25419,   58890,    4170,   67399,   30637,    7705,    2468,    8930,       0,  161553,  175411,   35886,   22028,     526,    1614,   -4238,    2308,   -2964,   -1146,     575,    -172,    6748,    -899,    1197,    -184,       0,    1659,    3164,   -1133,   -2638,  100.0,   22.3,   27.7,    5.2,   12.9,   29.8,    2.1,   34.1,   15.5,    3.9,    1.3,    4.5,    0.0,   81.8,   88.8,   18.2,   11.2,    120,      8,      8,      5,     20,     18,      7,     35,     23,     21,.,      5,      0,     86,     67,    34.5,    45.6,    43.4,    55.8,    32.1,    40.8,    40.2,    51.0,"(CONTRACTS OF GBP 62,500)","096742","CME ","096 ","F10","FutOnly"
"JAPANESE YEN - CHICAGO MERCANTILE EXCHANGE",180306,2018-03-06,097741,CME ,00,097 ,  277327,  112261,  125850,    3162,   35413,   16790,    8616,   73066,   89238,    5342,    2029,     855,     141,  240030,  249994,   37297,   27333,   14261,     144,   17675,    1750,    1094,    3153,    -540,    7776,   -9381,     118,     626,      82,     -11,   10957,   12846,    3304,    1415,  100.0,   40.5,   45.4,    1.1,   12.8,    6.1,    3.1,   26.3,   32.2,    1.9,    0.7,    0.3,    0.1,   86.6,   90.1,   13.4,    9.9,    128,      7,     11,      9,     21,     17,     11,     39,     26,     20,      5,.,.,     89,     80,    46.2,    47.7,    54.9,    64.3,    45.3,    47.7,    53.9,    63.8,"(CONTRACTS OF JPY 12,500,000)","097741","CME ","097 ","F10","FutOnly"
"EURO FX - CHICAGO MERCANTILE EXCHANGE",180306,2018-03-06,099741,CME ,00,099 ,  557530,   79216,  307651,    8667,  246987,  104036,   21150,   77977,   47837,   13287,   21436,    6950,    1028,  469748,  510606,   87782,   46924,   -9933,   -3626,    4415,    -724,    4800,   -6453,     185,   -8630,   -5209,    -342,    -975,    1196,    -214,   -9526,   -7146,    -407,   -2787,  100.0,   14.2,   55.2,    1.6,   44.3,   18.7,    3.8,   14.0,    8.6,    2.4,    3.8,    1.2,    0.2,   84.3,   91.6,   15.7,    8.4,    265,     20,     13,     17,     86,     30,     37,     51,     35,     27,     21,      9,      5,    206,    145,    18.8,    48.9,    27.2,    65.5,    18.2,    47.9,    26.2,    64.4,"(CONTRACTS OF EUR 125,000)","099741","CME ","099 ","F10","FutOnly"
"AUSTRALIAN DOLLAR - CHICAGO MERCANTILE EXCHANGE",180306,2018-03-06,232741,CME ,00,232 ,  106051,   13706,   31356,    1873,    8211,   21380,    1899,   50481,   20413,    4062,      10,    1118,     168,   80410,   82269,   25641,   23782,   -5255,    -816,  -11665,      53,   -3407,    4677,    -106,     383,     952,    1601,      -8,     500,      -1,   -2301,   -3989,   -2954,   -1266,  100.0,   12.9,   29.6,    1.8,    7.7,   20.2,    1.8,   47.6,   19.2,    3.8,    0.0,    1.1,    0.2,   75.8,   77.6,   24.2,   22.4,     84,      7,      7,      7,     10,     11,      4,     26,     19,     14,.,.,.,     57,     53,    22.0,    35.2,    36.8,    47.0,    21.6,    34.4,    35.9,    46.2,"(CONTRACTS OF AUD 100,000)","232741","CME ","232 ","F10","FutOnly"
"EURO FX/BRITISH POUND XRATE - CHICAGO MERCANTILE EXCHANGE",180306,2018-03-06,299741,CME ,00,099 ,   36085,       0,   21877,       0,   18923,    1310,    1302,     435,    6835,     235,       0,     771,       5,   20900,   32335,   15185,    3750,     917,       0,     152,       0,     582,       0,       0,       0,     922,     -21,       0,       0,       0,     561,    1053,     356,    -136,  100.0,    0.0,   60.6,    0.0,   52.4,    3.6,    3.6,    1.2,   18.9,    0.7,    0.0,    2.1,    0.0,   57.9,   89.6,   42.1,   10.4,     27,      0,.,      0,     16,.,      6,.,      5,.,      0,.,.,     20,     16,    33.2,    72.8,    43.4,    83.0,    31.7,    72.8,    41.5,    82.3,"(CONTRACTS OF EUR 125,000)","299741","CME ","099 ","F10","FutOnly"
"RUSSIAN RUBLE - CHICAGO MERCANTILE EXCHANGE",180306,2018-03-06,089741,CME ,00,089 ,   39805,     748,   32396,    3205,   19148,       0,       0,   13787,    2992,       0,     758,     150,       0,   37646,   38743,    2159,    1062,  -11168,     748,  -14003,    2979,    1290,       0,       0,  -16157,       9,    -151,     -18,     150,       0,  -11309,  -11016,     141,    -152,  100.0,    1.9,   81.4,    8.1,   48.1,    0.0,    0.0,   34.6,    7.5,    0.0,    1.9,    0.4,    0.0,   94.6,   97.3,    5.4,    2.7,     32,.,      5,.,.,      0,      0,     12,      7,      0,.,.,      0,     20,     14,    79.6,    84.6,    87.8,    94.5,    72.6,    80.8,    79.8,    87.2,"(CONTRACTS OF RUB 2,500,000)","089741","CME ","089 ","F15","FutOnly"
"MEXICAN PESO - CHICAGO MERCANTILE EXCHANGE",180306,2018-03-06,095741,CME ,00,095 ,  192062,   10200,   90976,      19,   85336,   10263,       5,   86495,   75874,    1542,    1629,    9780,      50,  185276,  188509,    6786,    3553,    2840,    4465,   -1184,       0,    2283,   -2919,       5,   -2886,    7533,    -177,    -845,     315,      50,    2895,    3623,     -55,    -783,  100.0,    5.3,   47.4,    0.0,   44.4,    5.3,    0.0,   45.0,   39.5,    0.8,    0.8,    5.1,    0.0,   96.5,   98.2,    3.5,    1.8,    151,      4,     10,.,     18,      8,.,     63,     27,      7,      8,     13,.,     97,     64,    51.2,    66.8,    64.6,    80.7,    51.2,    66.8,    64.6,    80.7,"(CONTRACTS OF MXN 500,000)","095741","CME ","095 ","F15","FutOnly"
"BRAZILIAN REAL - CHICAGO MERCANTILE EXCHANGE",180306,2018-03-06,102741,CME ,00,102 ,   22228,    8276,    2125,       0,    5754,   13331,       0,    4972,    3854,     836,     481,     795,       0,   20319,   20941,    1909,    1287,  -25116,    7855,  -17006,   -7858,      47,   -1008,       0,  -23617,    1932,   -1582,     -74,     -10,       0,  -25229,  -25532,     113,     416,  100.0,   37.2,    9.6,    0.0,   25.9,   60.0,    0.0,   22.4,   17.3,    3.8,    2.2,    3.6,    0.0,   91.4,   94.2,    8.6,    5.8,     24,.,.,      0,.,.,      0,      6,      7,.,.,.,      0,     15,     11,    76.4,    85.1,    87.2,    92.6,    76.4,    82.3,    85.1,    89.3,"(CONTRACTS OF BRL 100,000)","102741","CME ","102 ","F15","FutOnly"
"NEW ZEALAND DOLLAR - CHICAGO MERCANTILE EXCHANGE",180306,2018-03-06,112741,CME ,00,112 ,   59354,   18539,   21874,     138,    6903,    3603,       0,   27277,   28021,     988,     165,     530,       0,   54010,   55154,    5344,    4200,     911,    -344,    3715,     -51,     -93,       0,       0,    1696,   -2092,    -627,    -220,    -134,       0,     361,     811,     550,     100,  100.0,   31.2,   36.9,    0.2,   11.6,    6.1,    0.0,   46.0,   47.2,    1.7,    0.3,    0.9,    0.0,   91.0,   92.9,    9.0,    7.1,     86,      4,      6,.,     11,      4,      0,     37,     18,      6,.,      4,      0,     58,     36,    44.2,    50.2,    60.4,    69.5,    44.2,    50.2,    60.4,    68.8,"(CONTRACTS OF NZD 100,000)","112741","CME ","112 ","F15","FutOnly"
"SOUTH AFRICAN RAND - CHICAGO MERCANTILE EXCHANGE",180306,2018-03-06,122741,CME ,00,122 ,   14040,     278,    7714,    2297,    7921,     105,       0,    1549,    2404,     448,       0,     219,       0,   12493,   13187,    1547,     853,    -604,     278,     -29,    -221,    -175,    -405,       0,    -372,     114,       1,       0,       0,       0,    -489,    -540,    -115,     -64,  100.0,    2.0,   54.9,   16.4,   56.4,    0.7,    0.0,   11.0,   17.1,    3.2,    0.0,    1.6,    0.0,   89.0,   93.9,   11.0,    6.1,     22,.,.,.,      4,.,      0,      5,      7,.,      0,.,      0,     12,     13,    75.9,    72.4,    85.7,    86.9,    60.3,    60.8,    67.5,    70.9,"(CONTRACTS OF ZAR 500,000)","122741","CME ","122 ","F15","FutOnly"
"DJIA Consolidated - CHICAGO BOARD OF TRADE",180306,2018-03-06,12460+,CBT ,00,124 ,   58398,   17633,   36647,    2181,   11880,     337,     217,   14687,    9260,    1194,    1680,    2088,     100,   49571,   52023,    8828,    6375,    -688,    -442,      84,     617,     338,    -528,    -233,     166,   -1207,    -544,     163,    1644,     100,     166,     -67,    -854,    -621,  100.0,   30.2,   62.8,    3.7,   20.3,    0.6,    0.4,   25.1,   15.9,    2.0,    2.9,    3.6,    0.2,   84.9,   89.1,   15.1,   10.9,    105,     18,     18,      7,     15,.,.,     26,     14,      9,      4,      5,.,     75,     50,    33.7,    39.9,    45.9,    61.4,    33.7,    37.9,    45.9,    58.3,"($10 X DJIA INDEX)","12460+","CBT ","124 ","F20","FutOnly"
"DOW JONES INDUSTRIAL AVG- x $5 - CHICAGO BOARD OF TRADE",180306,2018-03-06,124603,CBT ,00,124 ,  116796,   35265,   73294,    4362,   23759,     673,     433,   29374,   18520,    2388,    3360,    4176,     200,   99141,  104046,   17655,   12750,   -1375,    -883,     167,    1234,     675,   -1055,    -465,     332,   -2414,   -1087,     326,    3287,     200,     332,    -133,   -1707,   -1242,  100.0,   30.2,   62.8,    3.7,   20.3,    0.6,    0.4,   25.1,   15.9,    2.0,    2.9,    3.6,    0.2,   84.9,   89.1,   15.1,   10.9,    105,     18,     18,      7,     15,.,.,     26,     14,      9,      4,      5,.,     75,     50,    33.7,    39.9,    45.9,    61.4,    33.7,    37.9,    45.9,    58.3,"($5 X DJIA INDEX)","124603","CBT ","124 ","F20","FutOnly"
"S&P 500 Consolidated - CHICAGO MERCANTILE EXCHANGE",180306,2018-03-06,13874+,CME ,00,138 ,  744178,   57590,  189097,   82757,  306569,  147962,   58841,   77608,   99052,   44689,   28992,   45365,    6916,  663963,  674679,   80215,   69499,   -7300,    3369,  -11512,    3054,  -19601,    1695,    2087,    1043,   -6248,    5408,   -4163,     868,    1099,   -7704,   -3550,     404,   -3750,  100.0,    7.7,   25.4,   11.1,   41.2,   19.9,    7.9,   10.4,   13.3,    6.0,    3.9,    6.1,    0.9,   89.2,   90.7,   10.8,    9.3,    601,     33,     42,     40,    154,     94,     97,     89,    106,     86,     38,     43,     16,    419,    421,    14.1,    15.3,    21.7,    24.8,    12.6,    14.2,    18.0,    21.1,"(S&P 500 INDEX X $250.00)","13874+","CME ","138 ","F20","FutOnly"
"S&P 500 STOCK INDEX - CHICAGO MERCANTILE EXCHANGE",180306,2018-03-06,138741,CME ,00,138 ,   80010,   40699,   24289,    1235,    8458,   10172,    1216,    8286,   19097,       0,    3001,    2355,       0,   62895,   58364,   17115,   21646,   -5219,     687,   -7970,     800,   -1081,   -1032,      21,   -4996,    2483,    -249,      38,     519,       0,   -4780,   -5428,    -439,     209,  100.0,   50.9,   30.4,    1.5,   10.6,   12.7,    1.5,   10.4,   23.9,    0.0,    3.8,    2.9,    0.0,   78.6,   72.9,   21.4,   27.1,     56,     11,     10,.,      5,      4,      4,      8,     11,      0,.,      4,      0,     28,     35,    37.5,    30.0,    52.9,    43.8,    37.5,    30.0,    52.9,    43.8,"(S&P 500 INDEX X $250.00)","138741","CME ","138 ","F20","FutOnly"
"E-MINI S&P CONSU STAPLES INDEX - CHICAGO MERCANTILE EXCHANGE",180306,2018-03-06,138748,CME ,00,138 ,   23952,   21280,    5762,     857,       0,   12838,     268,       0,    2000,      77,       0,    1624,       0,   22482,   23426,    1470,     526,     913,     645,    -815,     857,    -335,     834,       0,       0,     -39,       0,       0,       0,       0,    1167,     837,    -254,      76,  100.0,   88.8,   24.1,    3.6,    0.0,   53.6,    1.1,    0.0,    8.3,    0.3,    0.0,    6.8,    0.0,   93.9,   97.8,    6.1,    2.2,     24,      7,      5,.,      0,      8,.,      0,.,.,      0,.,      0,     10,     17,    77.5,    73.0,    92.4,    85.2,    77.5,    72.7,    88.8,    83.4,"($100 x S&P Select Sector Consumer Staples Index price)","138748","CME ","138 ","F20","FutOnly"
"E-MINI S&P ENERGY INDEX - CHICAGO MERCANTILE EXCHANGE",180306,2018-03-06,138749,CME ,00,138 ,   13959,    3240,   11802,       0,    3114,     946,     645,    3920,       0,       2,     738,       0,       0,   11659,   13395,    2300,     564,    -403,    1983,   -1641,       0,   -2715,     946,     354,    -237,       0,       2,       0,       0,       0,    -613,    -339,     210,     -64,  100.0,   23.2,   84.5,    0.0,   22.3,    6.8,    4.6,   28.1,    0.0,    0.0,    5.3,    0.0,    0.0,   83.5,   96.0,   16.5,    4.0,     22,      4,      7,      0,      5,.,.,      4,      0,.,.,      0,      0,     15,     10,    44.4,    67.2,    64.4,    93.9,    42.3,    67.2,    62.3,    91.3,"($100 x S&P Select Sector Energy Index price)","138749","CME ","138 ","F20","FutOnly"
"E-MINI S&P 500 STOCK INDEX - CHICAGO MERCANTILE EXCHANGE",180306,2018-03-06,13874A,CME ,00,138 , 3320841,  313298, 1052884,  178770, 1493745,  692141,  284936,  444490,  497652,  125564,  130457,  215548,   34080, 3005340, 3081575,  315501,  239266,  -10405,    7835,  -23288,   16847,  -91766,   14466,    9495,   32347,  -41502,   26131,  -21009,    1739,    5501,  -14619,    9389,    4214,  -19794,  100.0,    9.4,   31.7,    5.4,   45.0,   20.8,    8.6,   13.4,   15.0,    3.8,    3.9,    6.5,    1.0,   90.5,   92.8,    9.5,    7.2,    596,     30,     45,     35,    154,     93,     95,     86,    108,     81,     38,     42,     15,    412,    410,    15.7,    16.7,    23.5,    26.9,    14.6,    16.2,    21.5,    24.5,"($50 X S&P 500 INDEX)","13874A","CME ","138 ","F20","FutOnly"
"E-MINI S&P FINANCIAL INDEX - CHICAGO MERCANTILE EXCHANGE",180306,2018-03-06,13874C,CME ,00,138 ,   29880,    6960,   28169,       0,    6083,       0,    1451,   12202,       0,       0,     582,       0,       0,   27278,   29620,    2602,     260,    -715,    -262,    -209,       0,     305,       0,       0,    -311,    -509,       0,    -243,       0,       0,    -511,    -718,    -204,       3,  100.0,   23.3,   94.3,    0.0,   20.4,    0.0,    4.9,   40.8,    0.0,    0.0,    1.9,    0.0,    0.0,   91.3,   99.1,    8.7,    0.9,     27,.,      9,      0,      9,      0,.,      6,      0,      0,.,      0,      0,     18,     11,    57.4,    77.0,    75.7,    94.6,    55.1,    77.0,    73.3,    93.6,"($250 x S&P Select Sector Financial Index price)","13874C","CME ","138 ","F20","FutOnly"
"E-MINI S&P TECHNOLOGY INDEX - CHICAGO MERCANTILE EXCHANGE",180306,2018-03-06,13874I,CME ,00,138 ,   15663,    7071,   11811,       0,    5833,    1108,     987,       0,    1229,      13,     317,       0,       0,   14221,   15148,    1442,     515,    1560,       0,    3548,       0,    1972,   -1530,    -350,       0,       0,       0,       0,       0,       0,    1622,    1668,     -62,    -108,  100.0,   45.1,   75.4,    0.0,   37.2,    7.1,    6.3,    0.0,    7.8,    0.1,    2.0,    0.0,    0.0,   90.8,   96.7,    9.2,    3.3,     22,      5,      8,      0,      6,.,.,      0,.,.,.,      0,      0,     13,     11,    54.6,    55.0,    81.6,    84.4,    48.3,    55.0,    75.3,    83.4,"($100 x S&P Select Sector Technology Index price)","13874I","CME ","138 ","F20","FutOnly"
"NASDAQ-100 Consolidated - CHICAGO MERCANTILE EXCHANGE",180306,2018-03-06,20974+,CME ,00,209 ,   48410,   14804,    8625,    4655,    8659,   14155,     568,    9707,   10630,    1481,    1662,    1362,      94,   41630,   41568,    6780,    6842,    2124,    -806,     904,    1645,   -1692,     735,     -47,    2848,    -412,     153,    -543,    -497,      13,    1571,    2493,     552,    -370,  100.0,   30.6,   17.8,    9.6,   17.9,   29.2,    1.2,   20.1,   22.0,    3.1,    3.4,    2.8,    0.2,   86.0,   85.9,   14.0,   14.1,    244,     21,     18,     10,     43,     31,     21,     38,     62,     23,     14,     15,.,    144,    157,    22.8,    18.6,    38.1,    31.3,    21.9,    17.2,    33.2,    26.8,"(NASDAQ 100 INDEX X $100)","20974+","CME ","209 ","F20","FutOnly"
"NASDAQ-100 STOCK INDEX (MINI) - CHICAGO MERCANTILE EXCHANGE",180306,2018-03-06,209742,CME ,00,209 ,  242052,   74022,   43123,   23273,   43296,   70773,    2838,   48533,   53149,    7407,    8312,    6809,     469,  208150,  207841,   33902,   34211,   10618,   -4029,    4519,    8226,   -8458,    3674,    -236,   14238,   -2061,     763,   -2713,   -2483,      65,    7856,   12467,    2762,   -1849,  100.0,   30.6,   17.8,    9.6,   17.9,   29.2,    1.2,   20.1,   22.0,    3.1,    3.4,    2.8,    0.2,   86.0,   85.9,   14.0,   14.1,    244,     21,     18,     10,     43,     31,     21,     38,     62,     23,     14,     15,.,    144,    157,    22.8,    18.6,    38.1,    31.3,    21.9,    17.2,    33.2,    26.8,"(NASDAQ 100 STOCK INDEX X $20)","209742","CME ","209 ","F20","FutOnly"
"E-MINI RUSSELL 2000 INDEX - CHICAGO MERCANTILE EXCHANGE",180306,2018-03-06,239742,CME ,00,239 ,  516293,   82047,  132383,    5023,  211316,  209994,   35405,  141569,  105011,    6399,   16922,    7635,     202,  498883,  502052,   17410,   14241,   -8241,    1832,   -9930,    1611,   -5267,    4232,     587,   -6955,   -6195,    1448,   -1592,     765,     193,   -8143,   -7289,     -98,    -952,  100.0,   15.9,   25.6,    1.0,   40.9,   40.7,    6.9,   27.4,   20.3,    1.2,    3.3,    1.5,    0.0,   96.6,   97.2,    3.4,    2.8,    282,     17,     25,      8,     70,     48,     36,     48,     52,     23,     10,     10,.,    175,    175,    19.4,    36.3,    32.6,    48.3,    19.0,    36.0,    31.3,    46.3,"(RUSSEL 2000 INDEX X $50)","239742","CME ","239 ","F20","FutOnly"
"RUSSELL 2000 MINI INDEX FUTURE - ICE FUTURES U.S.",180306,2018-03-06,23977A,ICUS,01,239 ,   26727,   12381,   16815,     930,     988,     889,       0,    5730,    2524,       3,    1145,     670,     230,   21407,   22061,    5320,    4666,    2205,    -689,    2531,     222,     306,       0,       0,    2191,    -158,       2,       0,   -1000,       0,    2032,    1597,     173,     608,  100.0,   46.3,   62.9,    3.5,    3.7,    3.3,    0.0,   21.4,    9.4,    0.0,    4.3,    2.5,    0.9,   80.1,   82.5,   19.9,   17.5,     48,     15,     11,.,.,.,      0,      7,      7,.,.,.,.,     30,     24,    32.8,    50.7,    50.7,    62.9,    32.8,    50.5,    48.9,    62.0,"(RUSSELL 2000 INDEX X $50)","23977A","ICUS","239 ","F20","FutOnly"
"NIKKEI STOCK AVERAGE - CHICAGO MERCANTILE EXCHANGE",180306,2018-03-06,240741,CME ,00,240 ,   65703,    1610,   34057,    5909,   24544,    1543,     119,   18246,    1819,    3053,    3234,   14051,     343,   57058,   60894,    8645,    4809,    9762,     450,       0,    5909,   -2018,      -8,       0,     979,      67,    2706,     -37,    -545,     280,    8269,    8409,    1493,    1353,  100.0,    2.5,   51.8,    9.0,   37.4,    2.3,    0.2,   27.8,    2.8,    4.6,    4.9,   21.4,    0.5,   86.8,   92.7,   13.2,    7.3,     53,.,      4,      4,     18,.,      4,     12,      5,      9,      6,.,.,     47,     24,    34.2,    77.5,    50.3,    86.3,    34.0,    71.5,    45.9,    77.3,"(NIKKEI INDEX X $5.00)","240741","CME ","240 ","F20","FutOnly"
"NIKKEI STOCK AVERAGE YEN DENOM - CHICAGO MERCANTILE EXCHANGE",180306,2018-03-06,240743,CME ,00,240 ,   90073,   19764,   16486,   10204,   18019,   14498,    2680,   10229,   13324,    4616,    9165,    1595,     772,   75449,   64175,   14624,   25898,    7519,    -802,    -249,    9460,   -5542,    2943,    -115,   -3231,    -742,    2868,    -528,     487,     709,    2819,   15361,    4700,   -7842,  100.0,   21.9,   18.3,   11.3,   20.0,   16.1,    3.0,   11.4,   14.8,    5.1,   10.2,    1.8,    0.9,   83.8,   71.2,   16.2,   28.8,     86,     13,     13,      9,     17,      6,      8,     12,     18,     14,.,      4,.,     63,     57,    34.5,    31.0,    49.0,    40.8,    29.6,    24.0,    41.6,    31.5,"(NIKKEI INDEX X JPY 500)","240743","CME ","240 ","F20","FutOnly"
"MSCI EAFE MINI INDEX - ICE FUTURES U.S.",180306,2018-03-06,244041,ICUS,01,244 ,  268135,   26257,  158974,    4041,  177916,   65471,   19171,   27327,   12508,    1867,    2318,    1173,       0,  258897,  263205,    9238,    4930,    3573,    1660,    1612,     187,    4975,     596,   -1302,    -807,    3297,     392,    -305,      65,       0,    4800,    4847,   -1227,   -1274,  100.0,    9.8,   59.3,    1.5,   66.4,   24.4,    7.1,   10.2,    4.7,    0.7,    0.9,    0.4,    0.0,   96.6,   98.2,    3.4,    1.8,    149,      6,     14,      6,     55,     28,     22,     28,     11,      9,      4,.,      0,    107,     79,    32.5,    48.5,    47.8,    69.1,    31.2,    47.6,    45.3,    68.0,"(MSCI EAFE INDEX X $50)","244041","ICUS","244 ","F20","FutOnly"
"MSCI EMERGING MKTS MINI INDEX - ICE FUTURES U.S.",180306,2018-03-06,244042,ICUS,01,244 , 1064555,   60004,  738422,   17065,  616719,  139193,   85628,  173697,   36617,   17560,   53097,   13419,    1670, 1025440, 1049574,   39115,   14981,   20071,    7239,    8925,   12224,    5892,   -7063,    -160,   -4801,    1366,    3013,   -3098,      64,     229,   20538,   18598,    -467,    1473,  100.0,    5.6,   69.4,    1.6,   57.9,   13.1,    8.0,   16.3,    3.4,    1.6,    5.0,    1.3,    0.2,   96.3,   98.6,    3.7,    1.4,    385,     29,     17,     11,    146,     46,     56,     73,     23,     16,     45,      6,      8,    325,    151,    19.6,    44.8,    32.2,    65.0,    18.4,    44.8,    29.9,    64.7,"(MSCI Emerging Markets Index x $50)","244042","ICUS","244 ","F20","FutOnly"
"E-MINI S&P 400 STOCK INDEX - CHICAGO MERCANTILE EXCHANGE",180306,2018-03-06,33874A,CME ,00,138 ,   74945,    4590,   27079,     529,   38141,   33924,    3990,   16003,    2955,     893,       0,    1107,       0,   64146,   70477,   10799,    4468,     845,    -343,      11,     -96,    1693,     529,    -419,    1435,      88,    -307,       0,       6,       0,    1963,    -188,   -1118,    1033,  100.0,    6.1,   36.1,    0.7,   50.9,   45.3,    5.3,   21.4,    3.9,    1.2,    0.0,    1.5,    0.0,   85.6,   94.0,   14.4,    6.0,     78,      5,      7,.,     29,     15,     11,     16,      4,      6,      0,.,      0,     56,     40,    34.5,    45.9,    48.9,    66.4,    34.5,    45.8,    47.8,    66.3,"(S&P 400 INDEX X $100)","33874A","CME ","138 ","F20","FutOnly"
"S&P 500 ANNUAL DIVIDEND INDEX - CHICAGO MERCANTILE EXCHANGE",180306,2018-03-06,43874A,CME ,00,438 ,  107809,   24323,   40490,   65749,   10073,       0,       0,    2179,     649,     620,    4575,      30,     250,  107769,  107788,      40,      21,    2070,    -364,    -304,    2324,       0,       0,       0,      20,       0,       0,      55,       0,     250,    2285,    2270,    -215,    -200,  100.0,   22.6,   37.6,   61.0,    9.3,    0.0,    0.0,    2.0,    0.6,    0.6,    4.2,    0.0,    0.2,  100.0,  100.0,    0.0,    0.0,     35,      4,     12,      8,      7,      0,      0,.,.,.,      5,.,.,     27,     19,    85.9,    78.9,    95.1,    92.8,    31.5,    29.6,    36.4,    36.2,"(S&P 500 ANNUAL DIVIDEND INDEX X $250)","43874A","CME ","438 ","F20","FutOnly"
"U.S. TREASURY BONDS - CHICAGO BOARD OF TRADE",180306,2018-03-06,020601,CBT ,00,020 ,  812681,   22288,   48058,   13011,  354485,  228058,  145165,  101200,  157355,   18122,   27967,   19806,     180,  682418,  629755,  130263,  182926,  -29184,    1832,   -3838,    1470,   17308,    4513,   -9990,   -3451,   17146,  -18179,    3021,    -450,    -536,   -8525,   -9864,  -20659,  -19320,  100.0,    2.7,    5.9,    1.6,   43.6,   28.1,   17.9,   12.5,   19.4,    2.2,    3.4,    2.4,    0.0,   84.0,   77.5,   16.0,   22.5,    179,      9,     19,      7,     46,     31,     36,     27,     32,     18,      9,      6,.,    117,    124,    23.5,    27.6,    33.6,    37.3,    17.1,    21.5,    25.5,    29.1,"(CONTRACTS OF $100,000 FACE VALUE)","020601","CBT ","020 ","F30","FutOnly"
"ULTRA U.S. TREASURY BONDS - CHICAGO BOARD OF TRADE",180306,2018-03-06,020604,CBT ,00,020 ,  967570,   10345,  138588,    5800,  507135,  106462,  138195,   66160,  389567,   66737,   32953,    5755,       0,  827325,  851104,  140245,  116466,  -37266,   -2344,    8564,   -6178,   15220,    2408,   -4120,    9063,   -1731,  -26246,   -7364,   -3082,       0,  -21969,  -30385,  -15297,   -6881,  100.0,    1.1,   14.3,    0.6,   52.4,   11.0,   14.3,    6.8,   40.3,    6.9,    3.4,    0.6,    0.0,   85.5,   88.0,   14.5,   12.0,    123,      4,     13,      6,     44,     20,     35,     15,     21,     20,.,.,      0,     87,     97,    26.1,    34.0,    39.6,    46.8,    20.3,    33.2,    31.5,    42.8,"(CONTRACTS OF $100,000 FACE VALUE)","020604","CBT ","020 ","F30","FutOnly"
"2-YEAR U.S. TREASURY NOTES - CHICAGO BOARD OF TRADE",180306,2018-03-06,042601,CBT ,00,042 , 1840176,   91166,  167645,    6466,  707642,  376550,  221674,  392010,  426937,  145771,  147075,  304346,    1028, 1712832, 1650417,  127344,  189759,  -72521,   10581,   14137,  -22253,  -12300,   23003,     873,   28172,  -29786,  -21647,  -21476,   -2402,   -1693,  -39743,  -39768,  -32778,  -32753,  100.0,    5.0,    9.1,    0.4,   38.5,   20.5,   12.0,   21.3,   23.2,    7.9,    8.0,   16.5,    0.1,   93.1,   89.7,    6.9,   10.3,    332,     19,     33,      7,     76,     51,     57,     57,     52,     39,     19,     25,.,    212,    225,    19.3,    23.9,    31.3,    35.1,    16.7,    18.9,    26.1,    27.5,"(CONTRACTS OF $200,000 FACE VALUE)","042601","CBT ","042 ","F30","FutOnly"
"10-YEAR U.S. TREASURY NOTES - CHICAGO BOARD OF TRADE",180306,2018-03-06,043602,CBT ,00,043 , 3479342,   85270,  209908,   62965, 1545941,  887736,  452085,  496692,  883953,  144268,  340510,  236125,   27583, 3155314, 2904623,  324028,  574719, -228202,  -59837,  -23624,  -28882,    3952,   -3953,   -5483,   61384,   43372, -141036,   -1383,   26538,   -7013, -178298, -140081,  -49904,  -88121,  100.0,    2.5,    6.0,    1.8,   44.4,   25.5,   13.0,   14.3,   25.4,    4.1,    9.8,    6.8,    0.8,   90.7,   83.5,    9.3,   16.5,    429,     24,     37,     20,     77,     99,     87,     47,     97,     48,     21,     27,     11,    261,    334,    27.7,    11.0,    38.4,    20.1,    24.6,     9.6,    33.2,    15.7,"(CONTRACTS OF $100,000 FACE VALUE)","043602","CBT ","043 ","F30","FutOnly"
"ULTRA 10-YEAR U.S. T-NOTES - CHICAGO BOARD OF TRADE",180306,2018-03-06,043607,CBT ,00,043 ,  555916,   26101,   29271,   19240,  120151,  158746,   61425,  184061,   78501,   18808,   33625,   22541,       0,  463411,  388532,   92505,  167384,  -22929,   12464,     645,    5712,    1889,   -1779,    1541,  -18173,    3100,  -11334,    3432,   -2677,       0,   -4469,   -4792,  -18460,  -18137,  100.0,    4.7,    5.3,    3.5,   21.6,   28.6,   11.0,   33.1,   14.1,    3.4,    6.0,    4.1,    0.0,   83.4,   69.9,   16.6,   30.1,     94,      6,      7,      9,     20,     27,     31,     15,      9,      9,.,      7,      0,     72,     71,    31.6,    13.7,    40.5,    21.8,    31.2,    13.3,    39.3,    20.9,"(CONTRACTS OF $100,000 FACE VALUE)","043607","CBT ","043 ","F30","FutOnly"
"5-YEAR U.S. TREASURY NOTES - CHICAGO BOARD OF TRADE",180306,2018-03-06,044601,CBT ,00,044 , 3375246,  101376,  331348,   34041, 1778355,  864051,  453634,  327320,  815318,  155387,  245679,  255721,   16990, 3112782, 2926490,  262464,  448756,  -93793,   -5026,   24996,  -15435,   71363,   46545,   -3424,   32483,  -13096,  -73221,   12277,   13296,    4400,   23417,  -15939, -117210,  -77854,  100.0,    3.0,    9.8,    1.0,   52.7,   25.6,   13.4,    9.7,   24.2,    4.6,    7.3,    7.6,    0.5,   92.2,   86.7,    7.8,   13.3,    333,     14,     34,     16,     63,     62,     67,     44,     69,     42,     22,     25,      8,    214,    252,    36.3,    16.2,    48.2,    25.7,    31.1,    14.3,    42.4,    22.0,"(CONTRACTS OF $100,000 FACE VALUE)","044601","CBT ","044 ","F30","FutOnly"
"30-DAY FEDERAL FUNDS - CHICAGO BOARD OF TRADE",180306,2018-03-06,045601,CBT ,00,045 , 2011899,  470018,  355018,  582113,   14636,   52225,   76910,  233238,  297439,  393348,   77671,   64821,  132769, 1980703, 1954643,   31196,   57256, -241791,  -78337,  -55987,  -94774,   -2737,    9423,   -4053,  -18292,  -26186,  -26196,   18792,  -11577,  -24581, -230178, -233931,  -11613,   -7860,  100.0,   23.4,   17.6,   28.9,    0.7,    2.6,    3.8,   11.6,   14.8,   19.6,    3.9,    3.2,    6.6,   98.4,   97.2,    1.6,    2.8,    169,     26,     39,     52,.,      7,      7,     24,     40,     44,     13,      9,     14,    130,    156,    29.5,    27.5,    44.4,    41.1,    24.4,    15.4,    29.8,    21.5,"(CONTRACTS OF $5,000,000)","045601","CBT ","045 ","F33","FutOnly"
"3-MONTH EURODOLLARS - CHICAGO MERCANTILE EXCHANGE",180306,2018-03-06,132741,CME ,00,132 ,17072293, 8177115,  805954, 2244402,   97365, 3178833, 1678297,  455969, 3944043, 2789712,  288589,  284339,  745198,16476647,15670778,  595646, 1401515,  189110,  191868,   94599, -101357,   -1093,  211994,  152363,   26079,  -30022,  -26866,   48146,  -43432,  -10622,  278518,  246657,  -89408,  -57547,  100.0,   47.9,    4.7,   13.1,    0.6,   18.6,    9.8,    2.7,   23.1,   16.3,    1.7,    1.7,    4.4,   96.5,   91.8,    3.5,    8.2,    311,     35,     43,     71,      6,     36,     38,     35,     94,    107,     10,     25,     28,    253,    302,    39.8,    21.5,    51.8,    31.3,    36.8,    19.6,    43.5,    25.5,"(CONTRACTS OF $1,000,000)","132741","CME ","132 ","F33","FutOnly"
"10 YEAR DELIVERABLE IR SWAP - CHICAGO BOARD OF TRADE",180306,2018-03-06,246605,CBT ,00,246 ,   43440,   19328,   11786,     940,      56,    8339,     193,    7123,    8782,    9015,    6579,    4013,     201,   43435,   43269,       5,     171,    4334,     996,     -21,     940,       3,      76,       0,    -171,     152,    3143,    -560,      42,       0,    4351,    4332,     -17,       2,  100.0,   44.5,   27.1,    2.2,    0.1,   19.2,    0.4,   16.4,   20.2,   20.8,   15.1,    9.2,    0.5,  100.0,   99.6,    0.0,    0.4,     46,.,      6,.,.,     14,.,.,     11,.,      4,      5,.,     12,     38,    87.7,    51.2,    98.1,    70.0,    67.0,    33.9,    75.7,    50.5,"(NOTIONAL VALUE OF $100,000)","246605","CBT ","246 ","F33","FutOnly"
"5 YEAR DELIVERABLE IR SWAP - CHICAGO BOARD OF TRADE",180306,2018-03-06,246606,CBT ,00,246 ,   27642,    1804,   12447,       1,     171,    3034,     683,   24917,    8568,       0,      40,    2831,       0,   27616,   27564,      26,      78,     722,      50,     649,       1,     -70,     -86,      70,     645,     139,       0,       0,     -85,       0,     696,     688,      26,      34,  100.0,    6.5,   45.0,    0.0,    0.6,   11.0,    2.5,   90.1,   31.0,    0.0,    0.1,   10.2,    0.0,   99.9,   99.7,    0.1,    0.3,     33,.,      6,.,.,      8,.,.,      8,      0,.,      4,      0,      8,     27,    99.2,    58.6,    99.9,    80.8,    96.7,    58.6,    97.4,    80.8,"(NOTIONAL VALUE OF $100,000)","246606","CBT ","246 ","F33","FutOnly"
"BITCOIN-USD - CBOE FUTURES EXCHANGE",180306,2018-03-06,1330E1,E   ,00,133 ,    5563,      55,       0,       0,       0,     110,       0,    1451,    3824,     175,    1276,     447,      43,    3000,    4599,    2563,     964,    -469,       0,       0,       0,       0,       6,       0,    -110,      83,     107,    -497,    -930,      42,    -458,    -692,     -11,     223,  100.0,    1.0,    0.0,    0.0,    0.0,    2.0,    0.0,   26.1,   68.7,    3.1,   22.9,    8.0,    0.8,   53.9,   82.7,   46.1,   17.3,     46,.,      0,      0,      0,.,      0,      7,      9,.,     18,      9,.,     30,     21,    24.5,    64.2,    34.3,    73.3,    24.5,    64.2,    33.6,    71.0,"(1 Bitcoin)","1330E1","E   ","133 ","F85","FutOnly"
"U.S. DOLLAR INDEX - ICE FUTURES U.S.",180306,2018-03-06,098662,ICUS,01,098 ,   37639,       0,    4843,       0,    7711,    6511,     553,    7220,   16956,    4408,   10700,    1311,       1,   30593,   34583,    7046,    3056,    -263,       0,     310,       0,     -80,   -2596,      17,   -1421,    2661,     216,    1282,    -602,       0,      14,       6,    -277,    -269,  100.0,    0.0,   12.9,    0.0,   20.5,   17.3,    1.5,   19.2,   45.0,   11.7,   28.4,    3.5,    0.0,   81.3,   91.9,   18.7,    8.1,    131,      0,      4,      0,      8,      8,.,     25,     35,     17,     36,     12,.,     80,     71,    31.8,    31.7,    43.8,    48.8,    30.2,    29.5,    40.4,    45.0,"(U.S. DOLLAR INDEX X $1000)","098662","ICUS","098 ","F90","FutOnly"
"VIX FUTURES - CBOE FUTURES EXCHANGE",180306,2018-03-06,1170E1,E   ,00,117 ,  398050,   44961,   76748,   39124,   67982,   40177,   17139,   93942,   90345,   80454,    7601,    4676,   15559,  366762,  364222,   31288,   33828,   -9796,   -3966,    8323,    2508,   -3290,   -7906,   -7804,   10778,  -11351,   -4103,   -4375,    -689,   -1093,  -11345,  -22115,    1549,   12319,  100.0,   11.3,   19.3,    9.8,   17.1,   10.1,    4.3,   23.6,   22.7,   20.2,    1.9,    1.2,    3.9,   92.1,   91.5,    7.9,    8.5,    208,     15,     12,     21,     22,     25,     21,     63,     35,     61,     11,     10,     21,    176,    156,    18.4,    33.1,    27.8,    43.7,    13.0,    25.8,    20.3,    32.7,"($1000 X INDEX)","1170E1","E   ","117 ","F90","FutOnly"
"BLOOMBERG COMMODITY INDEX - CHICAGO BOARD OF TRADE",180306,2018-03-06,221602,CBT ,00,221 ,   51065,    1389,       0,       0,   33446,     183,     166,    9742,   50408,     183,    5850,     124,       0,   50776,   51064,     289,       1,    -234,       0,       0,       0,    -269,     -18,       0,     195,    -314,      98,    -263,       0,       0,    -239,    -234,       5,       0,  100.0,    2.7,    0.0,    0.0,   65.5,    0.4,    0.3,   19.1,   98.7,    0.4,   11.5,    0.2,    0.0,   99.4,  100.0,    0.6,    0.0,     45,      5,      0,      0,     11,.,.,      8,      7,.,     12,.,      0,     38,     10,    62.0,    90.9,    84.7,    99.4,    61.6,    90.7,    84.3,    99.1,"($100 X INDEX)","221602","CBT ","221 ","F90","FutOnly"
