"CANADIAN DOLLAR - CHICAGO MERCANTILE EXCHANGE","190618","2019-06-18","090741","CME","00","090","173318","5887","24325","13538","29298","30387","6688","16479","49022","17920","19187","2463","17","109015","144362","64303","28956","649","-23028","9186","-3333","-3464","-1130","2312","-2332","-8459","1719","-597","24","-31","-28753","288","29402","361","100.0","3.4","14.0","7.8","16.9","17.5","3.9","9.5","28.3","10.3","11.1","1.4","0.0","62.9","83.3","37.1","16.7","109","8","7","9","11","17","12","18","28","19","16","4",".","77","74","18.3","18.9","28.1","30.2","17.7","17.2","23.3","26.7","(CONTRACTS OF CAD 100,000)","090741","CME","090","F10","Combined"
"SWISS FRANC - CHICAGO MERCANTILE EXCHANGE","190618","2019-06-18","092741","CME","00","092","59983","30456","1399","1220","2445","18257","585","15427","14751","642","931","1482","0","51705","38335","8278","21648","-13162","-9740","-1955","-3768","912","2671","-721","944","-8294","173","0","-6","0","-12200","-11901","-962","-1261","100.0","50.8","2.3","2.0","4.1","30.4","1.0","25.7","24.6","1.1","1.6","2.5","0.0","86.2","63.9","13.8","36.1","52","4",".",".","4","17",".","10","11","4",".",".","0","21","39","61.8","24.0","74.2","33.3","59.8","24.0","72.2","33.3","(CONTRACTS OF CHF 125,000)","092741","CME","092","F10","Combined"
"BRITISH POUND STERLING - CHICAGO MERCANTILE EXCHANGE","190618","2019-06-18","096742","CME","00","096","227724","86238","3795","3253","55310","104722","6887","28720","40774","20726","962","7581","305","202400","188041","25324","39683","-8081","2802","-1887","-16084","1621","1547","751","3067","8168","-446","737","767","167","-7382","-7017","-699","-1064","100.0","37.9","1.7","1.4","24.3","46.0","3.0","12.6","17.9","9.1","0.4","3.3","0.1","88.9","82.6","11.1","17.4","136","12",".","7","16","31","12","22","44","25","4","4",".","76","106","43.7","21.0","56.0","31.7","43.4","20.8","55.1","31.2","(CONTRACTS OF GBP 62,500)","096742","CME","096","F10","Combined"
"JAPANESE YEN - CHICAGO MERCANTILE EXCHANGE","190618","2019-06-18","097741","CME","00","097","146942","4659","13409","5741","35902","39106","10264","34864","26410","18958","6719","1988","217","117324","116093","29618","30849","-45224","-34590","-5472","-14496","130","-5218","300","8798","-15445","-3883","140","-69","-127","-43728","-44411","-1496","-813","100.0","3.2","9.1","3.9","24.4","26.6","7.0","23.7","18.0","12.9","4.6","1.4","0.1","79.8","79.0","20.2","21.0","117","5","7","7","24","24","16","23","28","20",".",".",".","79","82","18.5","22.4","30.1","33.2","17.7","21.1","26.0","28.1","(CONTRACTS OF JPY 12,500,000)","097741","CME","097","F10","Combined"
"EURO FX - CHICAGO MERCANTILE EXCHANGE","190618","2019-06-18","099741","CME","00","099","559379","36545","123994","11432","298115","151290","33462","25787","124641","39886","24946","11678","2383","472556","498765","86823","60614","-37944","2184","18014","-29766","-6131","-1635","-1947","3872","-11146","-3976","3045","-470","941","-31778","-29986","-6166","-7958","100.0","6.5","22.2","2.0","53.3","27.0","6.0","4.6","22.3","7.1","4.5","2.1","0.4","84.5","89.2","15.5","10.8","287","18","12","14","89","41","48","25","62","25","21","19","11","190","195","16.3","26.5","26.0","40.2","15.8","26.5","24.6","40.0","(CONTRACTS OF EUR 125,000)","099741","CME","099","F10","Combined"
"AUSTRALIAN DOLLAR - CHICAGO MERCANTILE EXCHANGE","190618","2019-06-18","232741","CME","00","232","194403","77116","4572","2559","13942","63741","4035","48102","56377","15776","2493","2435","210","164232","149704","30171","44699","-17989","7512","-271","-31950","392","5300","456","13039","11034","-2941","-2430","-865","-203","-16125","-19440","-1864","1451","100.0","39.7","2.4","1.3","7.2","32.8","2.1","24.7","29.0","8.1","1.3","1.3","0.1","84.5","77.0","15.5","23.0","107","10",".","5","11","20","13","25","32","17",".",".",".","62","82","42.8","28.1","55.1","38.2","42.6","27.9","52.2","38.0","(CONTRACTS OF AUD 100,000)","232741","CME","232","F10","Combined"
"EURO FX/BRITISH POUND XRATE - CHICAGO MERCANTILE EXCHANGE","190618","2019-06-18","299741","CME","00","099","25075","0","9587","0","9015","5763","2343","1024","1606","0","0","589","2","12384","19890","12691","5185","-1579","0","2041","-54","-298","186","-163","494","-2322","-476","0","1","-1","-498","-788","-1081","-791","100.0","0.0","38.2","0.0","36.0","23.0","9.3","4.1","6.4","0.0","0.0","2.3","0.0","49.4","79.3","50.6","20.7","21","0",".","0","11","4","8",".",".","0","0",".",".","18","12","21.6","57.3","34.8","75.6","18.8","53.9","31.4","70.0","(CONTRACTS OF EUR 125,000)","299741","CME","099","F10","Combined"
"EURO FX/JAPANESE YEN XRATE - CHICAGO MERCANTILE EXCHANGE","190618","2019-06-18","399741","CME","00","099","28648","4375","4528","1459","7554","10613","2298","5057","957","1916","0","1850","0","22659","23621","5989","5027","1554","-24","542","886","-831","84","51","1318","10","115","0","300","0","1515","1988","39","-434","100.0","15.3","15.8","5.1","26.4","37.0","8.0","17.7","3.3","6.7","0.0","6.5","0.0","79.1","82.5","20.9","17.5","23",".",".",".","6","8","8",".",".",".","0",".","0","18","17","44.2","42.2","64.9","63.4","38.4","38.4","54.8","54.4","(CONTRACTS OF EUR 125,000)","399741","CME","099","F10","Combined"
"RUSSIAN RUBLE - CHICAGO MERCANTILE EXCHANGE","190618","2019-06-18","089741","CME","00","089","61735","0","44430","0","54267","0","0","4233","15520","0","1183","1030","0","59683","60980","2052","755","-1443","0","-7188","-1000","6036","0","0","1054","6736","-555","-6638","630","0","-1103","-1377","-340","-66","100.0","0.0","72.0","0.0","87.9","0.0","0.0","6.9","25.1","0.0","1.9","1.7","0.0","96.7","98.8","3.3","1.2","37","0","4","0","8","0","0","13","7","0",".",".","0","24","13","84.3","80.9","90.0","95.2","84.3","80.9","90.0","95.2","(CONTRACTS OF RUB 2,500,000)","089741","CME","089","F15","Combined"
"MEXICAN PESO - CHICAGO MERCANTILE EXCHANGE","190618","2019-06-18","095741","CME","00","095","203524","233","132530","822","126963","17738","183","65247","32725","738","2445","15947","32","196664","200715","6860","2809","-19172","-292","2485","-1478","-445","1049","-373","-402","-3095","-16926","275","-1130","32","-19609","-19436","437","264","100.0","0.1","65.1","0.4","62.4","8.7","0.1","32.1","16.1","0.4","1.2","7.8","0.0","96.6","98.6","3.4","1.4","141",".","6",".","26","10",".","48","29","6","10","10",".","90","62","54.0","70.2","67.5","82.7","53.9","70.2","67.5","82.7","(CONTRACTS OF MXN 500,000)","095741","CME","095","F15","Combined"
"BRAZILIAN REAL - CHICAGO MERCANTILE EXCHANGE","190618","2019-06-18","102741","CME","00","102","42985","27677","0","3350","1267","12727","315","7042","23656","903","575","460","0","41129","41411","1856","1574","875","-1714","0","2249","-29","-7431","315","2244","7592","-1763","-236","-10","0","1066","952","-191","-77","100.0","64.4","0.0","7.8","2.9","29.6","0.7","16.4","55.0","2.1","1.3","1.1","0.0","95.7","96.3","4.3","3.7","40",".","0",".",".","4",".","8","19","5",".",".","0","21","26","82.4","79.7","89.8","85.8","74.6","71.7","81.7","77.0","(CONTRACTS OF BRL 100,000)","102741","CME","102","F15","Combined"
"NEW ZEALAND DOLLAR - CHICAGO MERCANTILE EXCHANGE","190618","2019-06-18","112741","CME","00","112","64289","40044","1032","10","3077","33417","337","14617","16961","1922","1548","4076","8","61564","57763","2725","6526","1750","5202","-2105","-1158","-70","4241","-154","-363","573","-11","-1056","218","3","2393","1606","-643","144","100.0","62.3","1.6","0.0","4.8","52.0","0.5","22.7","26.4","3.0","2.4","6.3","0.0","95.8","89.8","4.2","10.2","104","10",".",".","6","24",".","19","32","5","4","8",".","45","68","60.1","32.9","73.2","52.3","60.1","32.9","72.6","49.8","(CONTRACTS OF NZD 100,000)","112741","CME","112","F15","Combined"
"SOUTH AFRICAN RAND - CHICAGO MERCANTILE EXCHANGE","190618","2019-06-18","122741","CME","00","122","11008","6568","2653","0","0","2862","0","3530","3354","0","173","220","0","10271","9089","737","1919","-1264","524","-1123","0","-119","501","-2","-1662","-296","0","4","-35","0","-1255","-955","-9","-309","100.0","59.7","24.1","0.0","0.0","26.0","0.0","32.1","30.5","0.0","1.6","2.0","0.0","93.3","82.6","6.7","17.4","24",".",".","0","0","5","0","8","5","0",".",".","0","10","14","80.1","59.6","90.2","74.4","80.1","59.6","90.2","74.4","(CONTRACTS OF ZAR 500,000)","122741","CME","122","F15","Combined"
"DJIA Consolidated - CHICAGO BOARD OF TRADE","190618","2019-06-18","12460+","CBT","00","124","44321","10015","18322","5162","9228","723","721","6932","5667","1638","2110","1532","57","35862","33820","8459","10501","6466","-1640","3463","3297","3135","-540","-1109","587","-848","727","515","201","57","5568","5246","898","1220","100.0","22.6","41.3","11.6","20.8","1.6","1.6","15.6","12.8","3.7","4.8","3.5","0.1","80.9","76.3","19.1","23.7","100","15","15","13","15","4","5","21","17","13","5","8",".","74","58","23.4","31.6","36.9","44.4","21.7","28.1","32.8","38.8","($10 X DJIA INDEX)","12460+","CBT","124","F20","Combined"
"DOW JONES INDUSTRIAL AVG- x $5 - CHICAGO BOARD OF TRADE","190618","2019-06-18","124603","CBT","00","124","88642","20031","36643","10323","18456","1446","1441","13863","11334","3276","4219","3063","113","71723","67639","16919","21003","12932","-3279","6926","6593","6269","-1080","-2218","1174","-1697","1453","1030","402","113","11136","10493","1796","2439","100.0","22.6","41.3","11.6","20.8","1.6","1.6","15.6","12.8","3.7","4.8","3.5","0.1","80.9","76.3","19.1","23.7","100","15","15","13","15","4","5","21","17","13","5","8",".","74","58","23.4","31.6","36.9","44.4","21.7","28.1","32.8","38.8","($5 X DJIA INDEX)","124603","CBT","124","F20","Combined"
"DOW JONES U.S. REAL ESTATE IDX - CHICAGO BOARD OF TRADE","190618","2019-06-18","124606","CBT","00","124","33276","1948","21803","3932","22632","639","654","814","1205","0","796","1224","0","30776","29457","2500","3819","4928","329","858","3932","-777","-805","74","379","-662","0","0","-8","0","3937","3389","991","1539","100.0","5.9","65.5","11.8","68.0","1.9","2.0","2.4","3.6","0.0","2.4","3.7","0.0","92.5","88.5","7.5","11.5","26",".","6",".","12",".","4",".",".","0",".",".","0","20","13","58.6","70.9","77.0","83.5","54.7","59.8","69.4","71.5","($100 X DJ US REAL ESTATE INDEX)","124606","CBT","124","F20","Combined"
"S&P 500 Consolidated - CHICAGO MERCANTILE EXCHANGE","190618","2019-06-18","13874+","CME","00","138","906385","50490","126012","92638","286954","127752","81617","54844","95240","194173","18705","63558","24145","803566","805137","102819","101249","85250","612","-718","26218","1304","1715","13590","3891","8508","17100","-1850","-453","5668","66534","71628","18716","13622","100.0","5.6","13.9","10.2","31.7","14.1","9.0","6.1","10.5","21.4","2.1","7.0","2.7","88.7","88.8","11.3","11.2","632","35","37","55","165","99","134","93","100","124","50","52","56","508","493","12.2","15.1","19.8","24.0","7.3","10.3","12.2","15.7","(S&P 500 INDEX X $250.00)","13874+","CME","138","F20","Combined"
"S&P 500 STOCK INDEX - CHICAGO MERCANTILE EXCHANGE","190618","2019-06-18","138741","CME","00","138","87344","6788","22021","8674","5550","1682","3920","11229","10468","20447","33","34","386","57028","67634","30316","19710","16965","-3130","2753","7014","-1","-50","1262","1659","1248","4583","-21","26","116","11482","16952","5483","13","100.0","7.8","25.2","9.9","6.4","1.9","4.5","12.9","12.0","23.4","0.0","0.0","0.4","65.3","77.4","34.7","22.6","53",".","12","8",".",".",".","8","16","19","6",".","5","44","42","25.4","27.2","40.9","44.5","16.6","19.1","24.6","29.7","(S&P 500 INDEX X $250.00)","138741","CME","138","F20","Combined"
"E-MINI S&P CONSU STAPLES INDEX - CHICAGO MERCANTILE EXCHANGE","190618","2019-06-18","138748","CME","00","138","23284","10589","13060","2353","5601","3876","1607","1313","932","0","0","300","0","21463","22128","1821","1156",".",".",".",".",".",".",".",".",".",".",".",".",".",".",".",".",".","100.0","45.5","56.1","10.1","24.1","16.6","6.9","5.6","4.0","0.0","0.0","1.3","0.0","92.2","95.0","7.8","5.0","25","5","7",".","6",".",".",".",".","0","0",".","0","16","13","59.3","52.4","81.2","83.2","51.8","52.4","67.5","74.1","($100 x S&P Select Sector Consumer Staples Index price)","138748","CME","138","F20","Combined"
"E-MINI S&P ENERGY INDEX - CHICAGO MERCANTILE EXCHANGE","190618","2019-06-18","138749","CME","00","138","17822","5320","12330","4153","4979","0","74","318","754","0","373","0","0","15217","17311","2605","511","3324","60","99","3244","-482","0","0","63","200","0","50","0","0","2935","3543","389","-219","100.0","29.9","69.2","23.3","27.9","0.0","0.4","1.8","4.2","0.0","2.1","0.0","0.0","85.4","97.1","14.6","2.9","21","5","6","7","5","0",".",".",".","0",".","0","0","15","15","59.4","79.6","74.3","91.3","46.1","65.1","57.3","72.3","($100 x S&P Select Sector Energy Index price)","138749","CME","138","F20","Combined"
"E-MINI S&P 500 STOCK INDEX - CHICAGO MERCANTILE EXCHANGE","190618","2019-06-18","13874A","CME","00","138","4095207","248842","550290","389485","1414617","637944","380886","276292","482085","810409","93362","317622","118794","3732688","3687515","362519","407692","341424","16130","-19933","98600","-70","2226","68238","9015","34152","64731","-9144","-2397","27762","275262","273379","66162","68045","100.0","6.1","13.4","9.5","34.5","15.6","9.3","6.7","11.8","19.8","2.3","7.8","2.9","91.1","90.0","8.9","10.0","619","35","36","53","165","98","133","93","95","120","46","50","53","494","484","12.5","15.2","20.7","24.7","8.2","11.1","13.8","17.6","($50 X S&P 500 INDEX)","13874A","CME","138","F20","Combined"
"E-MINI S&P FINANCIAL INDEX - CHICAGO MERCANTILE EXCHANGE","190618","2019-06-18","13874C","CME","00","138","19889","3585","10687","6443","6413","0","769","444","528","0","0","0","0","17654","18427","2235","1462","-5934","1092","215","-6287","-622","0","0","0","0","0","0","0","0","-5817","-6072","-117","138","100.0","18.0","53.7","32.4","32.2","0.0","3.9","2.2","2.7","0.0","0.0","0.0","0.0","88.8","92.6","11.2","7.4","24","4","9","5","7","0",".",".",".","0","0","0","0","17","14","55.0","59.6","75.8","81.5","30.7","41.8","44.9","52.9","($250 x S&P Select Sector Financial Index price)","13874C","CME","138","F20","Combined"
"E-MINI S&P HEALTH CARE INDEX - CHICAGO MERCANTILE EXCHANGE","190618","2019-06-18","13874E","CME","00","138","13503","232","7184","2001","8194","1060","0","438","532","0","250","0","0","11115","10777","2388","2726",".",".",".",".",".",".",".",".",".",".",".",".",".",".",".",".",".","100.0","1.7","53.2","14.8","60.7","7.9","0.0","3.2","3.9","0.0","1.9","0.0","0.0","82.3","79.8","17.7","20.2","20",".","9","4",".",".","0",".",".","0",".","0","0","11","13","69.1","49.3","77.4","69.2","62.5","45.2","67.5","60.8","($100 x S&P Select Sector Health Care Index price)","13874E","CME","138","F20","Combined"
"E-MINI S&P UTILITIES INDEX - CHICAGO MERCANTILE EXCHANGE","190618","2019-06-18","13874J","CME","00","138","23769","9508","5079","5787","3185","9658","1306","389","264","0","0","403","0","20175","22497","3594","1272","6839","634","378","5787","72","446","34","0","-209","0","0","0","0","6527","6436","312","403","100.0","40.0","21.4","24.3","13.4","40.6","5.5","1.6","1.1","0.0","0.0","1.7","0.0","84.9","94.6","15.1","5.4","23","6","5","4",".","6",".",".",".","0","0",".","0","13","17","61.8","61.4","79.2","80.1","39.3","48.6","52.8","57.5","($100 x S&P Select Sector Utilities Index price)","13874J","CME","138","F20","Combined"
"NASDAQ-100 Consolidated - CHICAGO MERCANTILE EXCHANGE","190618","2019-06-18","20974+","CME","00","209","54326","10353","10578","4927","16316","9477","2332","5384","10416","5661","1198","2313","640","46813","46345","7513","7981","5730","-730","1515","4411","-253","-590","1306","-1404","-2352","1378","184","403","482","5375","6552","355","-823","100.0","19.1","19.5","9.1","30.0","17.4","4.3","9.9","19.2","10.4","2.2","4.3","1.2","86.2","85.3","13.8","14.7","247","24","25","21","45","34","28","27","59","31","15","18","12","167","172","20.8","15.1","31.6","25.9","19.7","11.9","28.6","19.8","(NASDAQ 100 INDEX X $100)","20974+","CME","209","F20","Combined"
"NASDAQ-100 STOCK INDEX (MINI) - CHICAGO MERCANTILE EXCHANGE","190618","2019-06-18","209742","CME","00","209","271631","51767","52892","24635","81580","47385","11662","26922","52081","28305","5991","11563","3202","234064","231724","37567","39907","28649","-3648","7573","22055","-1266","-2951","6528","-7019","-11759","6890","920","2015","2412","26873","32762","1776","-4113","100.0","19.1","19.5","9.1","30.0","17.4","4.3","9.9","19.2","10.4","2.2","4.3","1.2","86.2","85.3","13.8","14.7","247","24","25","21","45","34","28","27","59","31","15","18","12","167","172","20.8","15.1","31.6","25.9","19.7","11.9","28.6","19.8","(NASDAQ 100 STOCK INDEX X $20)","209742","CME","209","F20","Combined"
"E-MINI RUSSELL 2000 INDEX - CHICAGO MERCANTILE EXCHANGE","190618","2019-06-18","239742","CME","00","239","478750","68404","47801","43759","217970","175499","51728","44567","73092","17613","9360","32047","1916","455317","443455","23433","35295","47305","-961","-370","37290","3270","-21038","10077","-7266","1483","5621","-565","248","1916","49383","35227","-2078","12078","100.0","14.3","10.0","9.1","45.5","36.7","10.8","9.3","15.3","3.7","2.0","6.7","0.4","95.1","92.6","4.9","7.4","291","27","20","24","71","54","47","42","51","33","12","14",".","201","195","17.4","20.3","28.7","34.2","16.0","19.3","24.2","31.3","(RUSSEL 2000 INDEX X $50)","239742","CME","239","F20","Combined"
"NIKKEI STOCK AVERAGE - CHICAGO MERCANTILE EXCHANGE","190618","2019-06-18","240741","CME","00","240","23461","363","3799","0","10719","852","221","5245","14953","42","1218","550","0","17808","20417","5653","3044","-8976","-5678","3799","-3799","8","68","-2","1168","-8122","-541","-458","550","-98","-9400","-8145","424","-831","100.0","1.5","16.2","0.0","45.7","3.6","0.9","22.4","63.7","0.2","5.2","2.3","0.0","75.9","87.0","24.1","13.0","30",".",".","0","11",".",".","6","4",".",".",".","0","24","10","37.9","79.0","56.4","85.8","37.9","78.8","56.4","85.3","(NIKKEI INDEX X $5.00)","240741","CME","240","F20","Combined"
"NIKKEI STOCK AVERAGE YEN DENOM - CHICAGO MERCANTILE EXCHANGE","190618","2019-06-18","240743","CME","00","240","54974","6151","4437","283","19339","14153","551","19711","8819","331","1146","400","0","47512","28974","7462","26000","-29483","323","-16591","-1045","-5017","-192","-112","-15607","-558","-2175","1146","-1902","-6","-22493","-22581","-6990","-6902","100.0","11.2","8.1","0.5","35.2","25.7","1.0","35.9","16.0","0.6","2.1","0.7","0.0","86.4","52.7","13.6","47.3","65","11","5",".","14","8","6","13","11",".",".",".","0","45","29","46.7","28.6","60.6","36.8","46.0","28.5","59.9","36.7","(NIKKEI INDEX X JPY 500)","240743","CME","240","F20","Combined"
"MSCI EAFE MINI INDEX - ICE FUTURES U.S.","190618","2019-06-18","244041","ICUS","01","244","379873","31326","178011","47594","237297","95468","21548","10215","11236","1238","7074","2579","7140","363432","364814","16441","15059","44276","1049","-9684","38957","-10171","-1196","3533","-48","-1975","922","-3555","-1220","7140","37827","36477","6449","7799","100.0","8.2","46.9","12.5","62.5","25.1","5.7","2.7","3.0","0.3","1.9","0.7","1.9","95.7","96.0","4.3","4.0","163","14","13","13","62","37","34","14","13","5","5","5",".","119","97","29.7","41.9","43.0","57.2","25.2","34.1","35.4","48.3","(MSCI EAFE INDEX X $50)","244041","ICUS","244","F20","Combined"
"MSCI EMERGING MKTS MINI INDEX - ICE FUTURES U.S.","190618","2019-06-18","244042","ICUS","01","244","1452457","75598","761623","181293","839083","216999","147300","68430","53508","6355","38451","8249","5010","1361520","1380337","90937","72120","151780","10179","-56005","157815","-36652","-19375","24841","888","-12717","868","-56179","-142","634","102394","95919","49386","55861","100.0","5.2","52.4","12.5","57.8","14.9","10.1","4.7","3.7","0.4","2.6","0.6","0.3","93.7","95.0","6.3","5.0","413","23","25","20","160","74","95","53","34","24","34","9","4","331","225","18.3","40.5","28.7","56.1","15.9","34.3","24.4","48.2","(MSCI Emerging Markets Index x $50)","244042","ICUS","244","F20","Combined"
"E-MINI S&P 400 STOCK INDEX - CHICAGO MERCANTILE EXCHANGE","190618","2019-06-18","33874A","CME","00","138","72482","7256","10246","5794","42379","37196","1978","520","1738","165","2450","7597","4","60546","64718","11936","7764","8317","837","-414","5349","-784","26","-470","67","172","107","96","0","4","5206","4774","3111","3543","100.0","10.0","14.1","8.0","58.5","51.3","2.7","0.7","2.4","0.2","3.4","10.5","0.0","83.5","89.3","16.5","10.7","69","7","6","8","31","16","11",".","4",".",".",".",".","52","39","28.3","34.7","40.9","57.2","28.3","34.7","40.5","54.2","(S&P 400 INDEX X $100)","33874A","CME","138","F20","Combined"
"S&P 500 ANNUAL DIVIDEND INDEX - CHICAGO MERCANTILE EXCHANGE","190618","2019-06-18","43874A","CME","00","438","114113","41836","48084","52832","4409","420","425","13436","1500","299","800","10442","51","114088","114053","25","60","2346","-993","-1783","3857","0","0","0","-50","0","32","0","740","-500","2346","2346","0","0","100.0","36.7","42.1","46.3","3.9","0.4","0.4","11.8","1.3","0.3","0.7","9.2","0.0","100.0","99.9","0.0","0.1","35","4","18","9","5",".",".","4",".",".",".",".",".","22","27","85.2","60.1","93.6","81.5","47.5","27.7","51.9","42.5","(S&P 500 ANNUAL DIVIDEND INDEX X $250)","43874A","CME","438","F20","Combined"
"U.S. TREASURY BONDS - CHICAGO BOARD OF TRADE","190618","2019-06-18","020601","CBT","00","020","1167411","4777","96309","38744","436485","318810","203225","95302","157683","146907","39269","49106","12085","976793","1022868","190618","144543","4667","1327","-8209","3046","5367","-972","5454","-12322","11745","-558","1359","-137","1717","5390","12087","-723","-7420","100.0","0.4","8.2","3.3","37.4","27.3","17.4","8.2","13.5","12.6","3.4","4.2","1.0","83.7","87.6","16.3","12.4","187","8","15","15","58","28","47","29","29","40","9","11","9","151","147","21.3","24.8","29.0","36.6","17.0","22.7","22.3","30.8","(CONTRACTS OF $100,000 FACE VALUE)","020601","CBT","020","F30","Combined"
"ULTRA U.S. TREASURY BONDS - CHICAGO BOARD OF TRADE","190618","2019-06-18","020604","CBT","00","020","1155443","3982","151684","919","719727","23159","172893","22909","644557","15740","39610","53350","489","976269","1062791","179174","92652","-4186","-354","-5866","475","-904","2699","265","234","7483","-9543","3897","-696","0","-5931","-5183","1745","997","100.0","0.3","13.1","0.1","62.3","2.0","15.0","2.0","55.8","1.4","3.4","4.6","0.0","84.5","92.0","15.5","8.0","132",".","15",".","67","11","50","8","23","14","4",".",".","103","97","31.9","34.4","41.2","51.7","25.3","34.0","33.4","50.5","(CONTRACTS OF $100,000 FACE VALUE)","020604","CBT","020","F30","Combined"
"2-YEAR U.S. TREASURY NOTES - CHICAGO BOARD OF TRADE","190618","2019-06-18","042601","CBT","00","042","3685158","69930","276488","22919","1821255","577587","265077","592693","2062058","123039","572307","218639","17349","3484569","3563155","200589","122003","-75025","-5804","19530","-2454","9068","-75357","11621","-101648","-52736","18584","-14286","2007","-204","-85124","-79009","10099","3984","100.0","1.9","7.5","0.6","49.4","15.7","7.2","16.1","56.0","3.3","15.5","5.9","0.5","94.6","96.7","5.4","3.3","363","20","32","11","111","37","73","51","67","50","28","17","4","269","232","24.8","29.0","38.7","44.5","24.6","28.1","38.1","43.2","(CONTRACTS OF $200,000 FACE VALUE)","042601","CBT","042","F30","Combined"
"10-YEAR U.S. TREASURY NOTES - CHICAGO BOARD OF TRADE","190618","2019-06-18","043602","CBT","00","043","4956204","248382","195320","376793","1658398","818990","853292","326427","1267308","638150","250396","248950","114678","4466515","4513480","489689","442724","38208","14522","-21174","33968","65577","-60278","10399","-71683","43789","50345","-70916","-19765","14136","46348","51420","-8140","-13212","100.0","5.0","3.9","7.6","33.5","16.5","17.2","6.6","25.6","12.9","5.1","5.0","2.3","90.1","91.1","9.9","8.9","426","34","29","44","96","80","113","78","59","90","27","23","27","355","345","18.2","17.8","25.4","26.6","12.8","15.1","18.1","22.0","(CONTRACTS OF $100,000 FACE VALUE)","043602","CBT","043","F30","Combined"
"ULTRA 10-YEAR U.S. T-NOTES - CHICAGO BOARD OF TRADE","190618","2019-06-18","043607","CBT","00","043","741109","29274","70540","408","294730","293295","101341","143612","100317","7420","48353","24878","0","625138","598199","115971","142910","23816","9505","5267","-1710","7415","2117","9547","-263","10157","1293","-4932","3430","0","20855","30101","2961","-6285","100.0","4.0","9.5","0.1","39.8","39.6","13.7","19.4","13.5","1.0","6.5","3.4","0.0","84.4","80.7","15.6","19.3","105","4","10",".","26","34","35","15","9","8",".","5","0","73","77","26.1","29.9","39.6","40.6","23.7","28.4","36.7","37.0","(CONTRACTS OF $100,000 FACE VALUE)","043607","CBT","043","F30","Combined"
"5-YEAR U.S. TREASURY NOTES - CHICAGO BOARD OF TRADE","190618","2019-06-18","044601","CBT","00","044","5123309","120595","522316","209332","2211032","814210","913492","447777","1531190","449141","381883","307302","28691","4761944","4775674","361365","347635","110731","16630","30879","33408","-28115","-1965","38714","9398","-39690","37213","-13654","-5720","4453","98047","97293","12684","13438","100.0","2.4","10.2","4.1","43.2","15.9","17.8","8.7","29.9","8.8","7.5","6.0","0.6","92.9","93.2","7.1","6.8","334","20","31","27","83","53","85","47","63","68","15","22","10","257","267","30.0","24.0","40.6","34.7","19.9","21.4","29.7","29.7","(CONTRACTS OF $100,000 FACE VALUE)","044601","CBT","044","F30","Combined"
"30-DAY FEDERAL FUNDS - CHICAGO BOARD OF TRADE","190618","2019-06-18","045601","CBT","00","045","2289169","538808","302947","653955","12272","99997","91767","349031","578869","440547","152600","49864","15981","2254961","2233927","34208","55242","13006","-31867","78070","-13690","-10266","11074","29771","37664","-85231","-15919","17946","8734","-1279","12360","11530","646","1476","100.0","23.5","13.2","28.6","0.5","4.4","4.0","15.2","25.3","19.2","6.7","2.2","0.7","98.5","97.6","1.5","2.4","173","26","38","50",".","10","4","30","40","50","10","13","9","135","151","29.3","23.7","46.8","37.0","21.6","13.4","31.9","22.0","(CONTRACTS OF $5,000,000)","045601","CBT","045","F33","Combined"
"3-MONTH EURODOLLARS - CHICAGO MERCANTILE EXCHANGE","190618","2019-06-18","132741","CME","00","132","29214958","2731445","2049762","5383966","629428","1575995","1681625","1168287","587818","16477854","169349","197491","219232","28461187","28173744","753771","1041214","-3130522","213321","-570058","-719917","37436","314573","-236886","-369572","44779","-1825900","-84135","-5538","-63868","-3049521","-3062814","-81001","-67708","100.0","9.3","7.0","18.4","2.2","5.4","5.8","4.0","2.0","56.4","0.6","0.7","0.8","97.4","96.4","2.6","3.6","302","36","33","64","16","34","37","53","78","115","19","27","26","267","277","23.0","20.2","36.2","35.0","6.7","6.2","9.1","9.1","(CONTRACTS OF $1,000,000)","132741","CME","132","F33","Combined"
"3-MONTH SOFR - CHICAGO MERCANTILE EXCHANGE","190618","2019-06-18","134741","CME","00","134","77702","11157","19690","6909","2689","3298","1350","33149","22406","21573","0","1479","0","76827","76705","875","997","3956","3774","2191","-62","2010","-148","0","-492","1910","-1173","0","1422","0","4057","4140","-101","-184","100.0","14.4","25.3","8.9","3.5","4.2","1.7","42.7","28.8","27.8","0.0","1.9","0.0","98.9","98.7","1.1","1.3","42",".","10","9",".",".",".","13","7","20","0",".","0","32","40","52.8","50.8","72.3","63.8","45.8","43.9","57.4","55.5","($2,500 x Contract IMM Index)","134741","CME","134","F33","Combined"
"1-MONTH SOFR - CHICAGO MERCANTILE EXCHANGE","190618","2019-06-18","134742","CME","00","134","81890","13216","7915","13867","5550","0","3333","25695","35366","19530","439","1600","0","81630","81611","260","279","5455","3174","-2300","665","-652","-1200","2048","-189","6520","473","0","-371","0","5519","5835","-64","-380","100.0","16.1","9.7","16.9","6.8","0.0","4.1","31.4","43.2","23.8","0.5","2.0","0.0","99.7","99.7","0.3","0.3","55","7","10","11",".","0",".","10","21","22",".",".","0","41","49","59.4","36.3","76.1","57.9","40.5","31.4","50.4","42.3","($4,167 x Contract IMM Index)","134742","CME","134","F33","Combined"
"10 YEAR DELIVERABLE IR - CHICAGO BOARD OF TRADE","190618","2019-06-18","246605","CBT","00","246","16375","2686","3974","0","1067","3965","0","6361","4951","69","6135","1242","0","16318","14201","57","2174","-12662","287","-10728","-1148","-143","5","-33","-11458","-868","-2","-198","50","0","-12695","-12724","33","62","100.0","16.4","24.3","0.0","6.5","24.2","0.0","38.8","30.2","0.4","37.5","7.6","0.0","99.7","86.7","0.3","13.3","31",".","4","0",".","9","0","4","4",".",".","5","0","10","22","91.2","42.0","99.1","67.8","91.2","41.6","99.0","67.4","(NOTIONAL VALUE OF $100,000)","246605","CBT","246","F33","Combined"
"5 YEAR DELIVERABLE IR - CHICAGO BOARD OF TRADE","190618","2019-06-18","246606","CBT","00","246","9925","4123","2425","0","1110","1496","0","4656","4058","0","0","207","0","9889","8186","36","1739","-13279","1230","-9421","-2689","-40","-419","0","-11626","-735","-108","0","0","0","-13233","-13372","-46","93","100.0","41.5","24.4","0.0","11.2","15.1","0.0","46.9","40.9","0.0","0.0","2.1","0.0","99.6","82.5","0.4","17.5","27",".",".","0",".","9","0",".","7","0","0",".","0","7","20","89.7","47.9","99.6","71.8","89.7","47.9","99.6","71.8","(NOTIONAL VALUE OF $100,000)","246606","CBT","246","F33","Combined"
"5 YEAR ERIS SWAP - CHICAGO BOARD OF TRADE","190618","2019-06-18","344601","CBT","00","344","49243","12306","315","16597","0","40","0","6258","12591","13806","30","5625","246","49243","49220","0","23","3489","1020","182","0","0","0","0","2416","3217","70","0","0","0","3506","3469","-17","20","100.0","25.0","0.6","33.7","0.0","0.1","0.0","12.7","25.6","28.0","0.1","11.4","0.5","100.0","100.0","0.0","0.0","24",".",".",".","0",".","0",".","7",".",".","6",".","9","20","97.6","70.0","99.9","95.2","36.1","28.5","37.8","36.3","100,000 USD notional principal","344601","CBT","344","F50","Combined"
"BITCOIN - CHICAGO MERCANTILE EXCHANGE","190618","2019-06-18","133741","CME","00","133","5391","0","0","0","354","0","0","2564","2911","491","482","1621","0","3891","5023","1500","368","957","0","0","0","-5","0","0","491","-133","235","120","870","-24","817","948","140","9","100.0","0.0","0.0","0.0","6.6","0.0","0.0","47.6","54.0","9.1","8.9","30.1","0.0","72.2","93.2","27.8","6.8","48","0","0","0","5","0","0","17","14","6","10",".","0","36","18","32.6","70.2","44.6","83.9","32.4","70.2","41.4","79.3","(5 Bitcoins)","133741","CME","133","F85","Combined"
"U.S. DOLLAR INDEX - ICE FUTURES U.S.","190618","2019-06-18","098662","ICUS","01","098","47046","428","27752","0","18865","2912","460","19933","12040","1419","1818","653","112","43035","45349","4011","1697","-2147","-140","1315","0","3690","-78","-50","-1589","1040","-1903","21","-617","-117","-87","-409","-2060","-1738","100.0","0.9","59.0","0.0","40.1","6.2","1.0","42.4","25.6","3.0","3.9","1.4","0.2","91.5","96.4","8.5","3.6","90",".",".","0","13","6",".","30","15","10","16","6",".","66","38","47.5","74.6","67.8","85.4","46.2","74.3","66.5","85.2","(U.S. DOLLAR INDEX X $1000)","098662","ICUS","098","F90","Combined"
"VIX FUTURES - CBOE FUTURES EXCHANGE","190618","2019-06-18","1170E1","E","00","117","407218","53872","28040","20997","127497","90516","27004","41615","105479","87773","13484","4308","14552","386794","378669","20424","28549","26898","7989","1254","4161","-14830","9631","3606","10331","-7309","17738","2908","435","-447","31456","29069","-4558","-2171","100.0","13.2","6.9","5.2","31.3","22.2","6.6","10.2","25.9","21.6","3.3","1.1","3.6","95.0","93.0","5.0","7.0","199","8","19","20","19","30","22","42","48","55","12","11","15","146","165","34.3","26.4","48.0","37.9","29.8","22.3","40.2","29.9","($1000 X INDEX)","1170E1","E","117","F90","Combined"
"BLOOMBERG COMMODITY INDEX - CHICAGO BOARD OF TRADE","190618","2019-06-18","221602","CBT","00","221","41724","1549","4962","2788","13453","16905","2722","11904","5514","7914","1190","179","0","41520","40984","204","740","8542","180","-126","1418","-39","-1673","2613","-1962","-17","6295","17","-43","0","8522","8467","20","75","100.0","3.7","11.9","6.7","32.2","40.5","6.5","28.5","13.2","19.0","2.9","0.4","0.0","99.5","98.2","0.5","1.8","48","4",".",".","10","7",".","8","7",".","8",".","0","34","22","51.5","64.0","74.3","82.6","38.8","51.5","53.1","60.4","($100 X INDEX)","221602","CBT","221","F90","Combined"
