"WHEAT-SRW - CHICAGO BOARD OF TRADE",180612,2018-06-12,001602,CBT ,00,001 ,  540509,  175498,  125782,  142186,  188789,  224738,  506473,  492706,   34036,   47803,  495661,  168622,  125200,  125230,  171379,  206547,  465231,  456977,   30430,   38684,   44848,   17394,   11100,    6438,   17410,   18191,   41242,   35729,    3606,    9119,   -6565,    8176,   -1344,   -3350,  -12293,   -4321,   -7467,   -9015,     902,    2450,  100.0,   32.5,   23.3,   26.3,   34.9,   41.6,   93.7,   91.2,    6.3,    8.8,  100.0,   34.0,   25.3,   25.3,   34.6,   41.7,   93.9,   92.2,    6.1,    7.8,  100.0,   38.8,   24.8,   14.4,   38.8,   40.6,   92.0,   79.7,    8.0,   20.3,    425,    131,    126,    147,     87,    120,    310,    328,    421,    136,    127,    139,     86,    120,    305,    320,    143,     22,     39,     21,     22,     64,     62,    113,    12.4,    11.2,    20.4,    19.6,    10.4,     9.1,    17.9,    15.0,    12.2,    12.0,    20.9,    20.6,    10.2,     9.7,    18.4,    16.1,    45.0,    21.7,    59.5,    34.8,    43.6,    17.1,    53.2,    26.0,"(CONTRACTS OF 5,000 BUSHELS)","001602","CBT ","001 "
"BLACK SEA WHEAT FINANCIAL - CHICAGO BOARD OF TRADE",180612,2018-06-12,00160F,CBT ,00,001 ,   21750,    8870,       0,     300,   12380,   21350,   21550,   21650,     200,     100,   21750,    8870,       0,     300,   12380,   21350,   21550,   21650,     200,     100,       0,       0,       0,       0,       0,       0,       0,       0,       0,       0,    2460,    1010,    -380,     100,    1400,    2900,    2510,    2620,     -50,    -160,  100.0,   40.8,    0.0,    1.4,   56.9,   98.2,   99.1,   99.5,    0.9,    0.5,  100.0,   40.8,    0.0,    1.4,   56.9,   98.2,   99.1,   99.5,    0.9,    0.5,    0.0,    0.0,    0.0,    0.0,    0.0,    0.0,    0.0,    0.0,    0.0,    0.0,     24,      5,      0,      1,     11,     15,     17,     16,     24,      5,      0,      1,     11,     15,     17,     16,      0,      0,      0,      0,      0,      0,      0,      0,    63.7,    71.2,    85.7,    87.7,    62.8,    56.8,    75.2,    70.5,    63.7,    71.2,    85.7,    87.7,    62.8,    56.8,    75.2,    70.5,     0.0,     0.0,     0.0,     0.0,     0.0,     0.0,     0.0,     0.0,"50 Metric Tons","00160F","CBT ","001 "
"WHEAT-HRW - CHICAGO BOARD OF TRADE",180612,2018-06-12,001612,CBT ,00,001 ,  293320,  100789,   24318,   65053,  104587,  178823,  270429,  268194,   22891,   25126,  280632,  100567,   24001,   61287,   97055,  173708,  258909,  258996,   21723,   21636,   12688,    3356,    3451,     632,    7532,    5115,   11520,    9198,    1168,    3490,  -14589,     403,   -2873,   -8589,   -7448,   -2469,  -15634,  -13931,    1045,    -658,  100.0,   34.4,    8.3,   22.2,   35.7,   61.0,   92.2,   91.4,    7.8,    8.6,  100.0,   35.8,    8.6,   21.8,   34.6,   61.9,   92.3,   92.3,    7.7,    7.7,  100.0,   26.5,   27.2,    5.0,   59.4,   40.3,   90.8,   72.5,    9.2,   27.5,    257,     92,     45,     84,     71,     90,    204,    193,    255,     95,     45,     84,     69,     88,    201,    191,     86,     10,     20,      6,     15,     51,     29,     73,    12.9,    23.6,    22.7,    33.3,     8.4,    15.9,    15.1,    22.7,    13.4,    24.6,    23.3,    34.5,     8.9,    18.5,    15.8,    25.5,    67.4,    23.6,    82.2,    36.7,    67.3,    21.1,    78.9,    33.5,"(CONTRACTS OF 5,000 BUSHELS)","001612","CBT ","001 "
"WHEAT-HRSpring - MINNEAPOLIS GRAIN EXCHANGE",180612,2018-06-12,001626,MGE ,00,001 ,   54966,   12574,   12288,     895,   28879,   26609,   42348,   39792,   12618,   15174,   18894,    5574,    7547,     144,    7613,    7302,   13331,   14993,    5563,    3901,   36072,    7553,    5294,     198,   21266,   19307,   29017,   24799,    7055,   11273,    -616,   -1552,    1229,    -462,     550,   -2014,   -1464,   -1247,     848,     631,  100.0,   22.9,   22.4,    1.6,   52.5,   48.4,   77.0,   72.4,   23.0,   27.6,  100.0,   29.5,   39.9,    0.8,   40.3,   38.6,   70.6,   79.4,   29.4,   20.6,  100.0,   20.9,   14.7,    0.5,   59.0,   53.5,   80.4,   68.7,   19.6,   31.3,     83,     21,     12,      9,     44,     32,     69,     49,     70,     20,      8,      4,     28,     15,     50,     25,     74,     14,     12,      3,     33,     31,     49,     44,    20.5,    27.1,    34.6,    43.5,    20.1,    23.5,    31.0,    38.8,    22.0,    54.2,    34.5,    67.6,    22.0,    53.8,    34.5,    67.1,    28.6,    29.0,    42.7,    44.3,    27.3,    28.2,    39.9,    41.6,"(CONTRACTS OF 5,000 BUSHELS)","001626","MGE ","001 "
"CORN - CHICAGO BOARD OF TRADE",180612,2018-06-12,002602,CBT ,00,002 , 1963233,  655972,  369322,  319721,  817196, 1048159, 1792889, 1737202,  170344,  226031,  995929,  475267,  352058,  102424,  332924,  455219,  910615,  909701,   85314,   86228,  967304,  302070,  138629,   95932,  484272,  592940,  882274,  827501,   85030,  139803,  -25702,   28511,   71900,  -43096,  -17764,  -49386,  -32349,  -20582,    6647,   -5120,  100.0,   33.4,   18.8,   16.3,   41.6,   53.4,   91.3,   88.5,    8.7,   11.5,  100.0,   47.7,   35.3,   10.3,   33.4,   45.7,   91.4,   91.3,    8.6,    8.7,  100.0,   31.2,   14.3,    9.9,   50.1,   61.3,   91.2,   85.5,    8.8,   14.5,    909,    232,    153,    208,    327,    387,    667,    673,    823,    195,    157,     90,    268,    320,    506,    529,    752,    168,    123,     95,    192,    364,    412,    543,    10.9,     9.3,    17.2,    15.5,     6.4,     5.9,    11.5,    10.9,    10.5,    13.6,    17.8,    22.6,    10.5,    13.6,    17.7,    21.4,    19.9,    10.3,    28.8,    16.8,    13.8,     6.8,    20.8,    12.1,"(CONTRACTS OF 5,000 BUSHELS)","002602","CBT ","002 "
"OATS - CHICAGO BOARD OF TRADE",180612,2018-06-12,004603,CBT ,00,004 ,    5260,    1111,    1208,     364,    1398,    2003,    2873,    3575,    2387,    1685,    5260,    1111,    1208,     364,    1398,    2003,    2873,    3575,    2387,    1685,       0,       0,       0,       0,       0,       0,       0,       0,       0,       0,      13,    -166,     160,     193,     455,    -151,     482,     202,    -469,    -189,  100.0,   21.1,   23.0,    6.9,   26.6,   38.1,   54.6,   68.0,   45.4,   32.0,  100.0,   21.1,   23.0,    6.9,   26.6,   38.1,   54.6,   68.0,   45.4,   32.0,    0.0,    0.0,    0.0,    0.0,    0.0,    0.0,    0.0,    0.0,    0.0,    0.0,     26,      7,      7,      3,      9,      7,     16,     17,     26,      7,      7,      3,      9,      7,     16,     17,      0,      0,      0,      0,      0,      0,      0,      0,    34.6,    27.2,    47.3,    46.0,    29.2,    24.8,    40.3,    42.0,    34.6,    27.2,    47.3,    46.0,    29.2,    24.8,    40.3,    42.0,     0.0,     0.0,     0.0,     0.0,     0.0,     0.0,     0.0,     0.0,"(CONTRACTS OF 5,000 BUSHELS)","004603","CBT ","004 "
"SOYBEANS - CHICAGO BOARD OF TRADE",180612,2018-06-12,005602,CBT ,00,005 ,  923162,  232068,  140412,  162452,  471438,  521186,  865958,  824050,   57204,   99112,  364567,  151956,   99371,   21612,  164332,  211783,  337900,  332766,   26667,   31801,  558595,  149103,  110032,   71849,  307106,  309403,  528058,  491284,   30537,   67311,   10569,    6311,   41604,    8192,   -8689,  -37677,    5814,   12119,    4755,   -1550,  100.0,   25.1,   15.2,   17.6,   51.1,   56.5,   93.8,   89.3,    6.2,   10.7,  100.0,   41.7,   27.3,    5.9,   45.1,   58.1,   92.7,   91.3,    7.3,    8.7,  100.0,   26.7,   19.7,   12.9,   55.0,   55.4,   94.5,   87.9,    5.5,   12.1,    688,    200,    152,    194,    197,    254,    503,    529,    584,    182,    123,     73,    136,    209,    338,    387,    609,    156,    160,    129,    157,    239,    394,    456,    12.9,    12.3,    19.9,    20.7,     8.8,    11.1,    14.3,    17.0,    14.0,    22.4,    23.7,    33.3,    14.0,    21.5,    23.2,    32.1,    15.7,    11.5,    26.2,    20.4,    11.7,     9.2,    18.4,    14.1,"(CONTRACTS OF 5,000 BUSHELS)","005602","CBT ","005 "
"MINI SOYBEANS - CHICAGO BOARD OF TRADE",180612,2018-06-12,005603,CBT ,00,005 ,   31873,   15212,    3077,     880,     626,    8491,   16718,   12448,   15155,   19425,    6441,    4462,     365,     457,     626,    1425,    5545,    2247,     896,    4194,   25432,   11029,    2991,     144,       0,    7066,   11173,   10201,   14259,   15231,    -196,    -769,    -321,     296,       0,    -302,    -473,    -327,     277,     131,  100.0,   47.7,    9.7,    2.8,    2.0,   26.6,   52.5,   39.1,   47.5,   60.9,  100.0,   69.3,    5.7,    7.1,    9.7,   22.1,   86.1,   34.9,   13.9,   65.1,  100.0,   43.4,   11.8,    0.6,    0.0,   27.8,   43.9,   40.1,   56.1,   59.9,     31,      4,      8,      4,      2,     19,      7,     30,     30,      4,      7,      2,      2,     19,      7,     27,     31,      3,      9,      3,      0,     19,      4,     30,    50.5,    14.1,    52.5,    21.5,    47.7,    14.1,    49.0,    21.5,    76.4,    21.8,    86.1,    28.3,    72.4,    17.7,    78.8,    22.2,    43.9,    15.9,    43.9,    23.4,    43.4,    15.9,    43.4,    23.2,"(Contracts of 1,000 Bushels)","005603","CBT ","005 "
"NJ SRECS VINTAGE 2018 - ICE FUTURES ENERGY DIV",180612,2018-06-12,00639X,IFED,01,006 ,   39946,    7860,   27106,     595,   31491,   12245,   39946,   39946,       0,       0,   39946,    7860,   27106,     595,   31491,   12245,   39946,   39946,       0,       0,       0,       0,       0,       0,       0,       0,       0,       0,       0,       0,    -295,       0,     105,      45,    -340,    -445,    -295,    -295,       0,       0,  100.0,   19.7,   67.9,    1.5,   78.8,   30.7,  100.0,  100.0,    0.0,    0.0,  100.0,   19.7,   67.9,    1.5,   78.8,   30.7,  100.0,  100.0,    0.0,    0.0,    0.0,    0.0,    0.0,    0.0,    0.0,    0.0,    0.0,    0.0,    0.0,    0.0,     29,      4,     11,      2,     12,      7,     18,     18,     29,      4,     11,      2,     12,      7,     18,     18,      0,      0,      0,      0,      0,      0,      0,      0,    69.5,    64.0,    93.8,    89.8,    69.5,    63.4,    93.7,    88.7,    69.5,    64.0,    93.8,    89.8,    69.5,    63.4,    93.7,    88.7,     0.0,     0.0,     0.0,     0.0,     0.0,     0.0,     0.0,     0.0,"(10 SRECs)","00639X","IFED","006 "
"CALIF CARBON ALL VINTAGE 2017 - ICE FUTURES ENERGY DIV",180612,2018-06-12,00639Y,IFED,01,006 ,   29178,    2460,    5295,      50,   26652,   23833,   29162,   29178,      16,       0,   29178,    2460,    5295,      50,   26652,   23833,   29162,   29178,      16,       0,       0,       0,       0,       0,       0,       0,       0,       0,       0,       0,     295,     500,       0,       0,    -205,     295,     295,     295,       0,       0,  100.0,    8.4,   18.1,    0.2,   91.3,   81.7,   99.9,  100.0,    0.1,    0.0,  100.0,    8.4,   18.1,    0.2,   91.3,   81.7,   99.9,  100.0,    0.1,    0.0,    0.0,    0.0,    0.0,    0.0,    0.0,    0.0,    0.0,    0.0,    0.0,    0.0,     22,      5,      5,      1,      8,     10,     14,     15,     22,      5,      5,      1,      8,     10,     14,     15,      0,      0,      0,      0,      0,      0,      0,      0,    74.6,    67.7,    96.9,    94.2,    68.4,    59.5,    83.7,    83.0,    74.6,    67.7,    96.9,    94.2,    68.4,    59.5,    83.7,    83.0,     0.0,     0.0,     0.0,     0.0,     0.0,     0.0,     0.0,     0.0,"1,000 california carbon allowances","00639Y","IFED","006 "
"CALIF CARBON ALL VINTAGE 2018 - ICE FUTURES ENERGY DIV",180612,2018-06-12,0063A2,IFED,01,006 ,   69543,    6167,   11112,    6197,   57177,   52234,   69541,   69543,       2,       0,   69543,    6167,   11112,    6197,   57177,   52234,   69541,   69543,       2,       0,       0,       0,       0,       0,       0,       0,       0,       0,       0,       0,    3255,     365,    1133,    -165,    3075,    2287,    3275,    3255,     -20,       0,  100.0,    8.9,   16.0,    8.9,   82.2,   75.1,  100.0,  100.0,    0.0,    0.0,  100.0,    8.9,   16.0,    8.9,   82.2,   75.1,  100.0,  100.0,    0.0,    0.0,    0.0,    0.0,    0.0,    0.0,    0.0,    0.0,    0.0,    0.0,    0.0,    0.0,     39,     11,     11,      7,     14,     12,     31,     24,     39,     11,     11,      7,     14,     12,     31,     24,      0,      0,      0,      0,      0,      0,      0,      0,    65.2,    47.3,    79.8,    76.2,    51.8,    40.8,    61.2,    53.1,    65.2,    47.3,    79.8,    76.2,    51.8,    40.8,    61.2,    53.1,     0.0,     0.0,     0.0,     0.0,     0.0,     0.0,     0.0,     0.0,"1,000 California carbon allowances","0063A2","IFED","006 "
"NJ SRECS VINTAGE 2019 - ICE FUTURES ENERGY DIV",180612,2018-06-12,0063A3,IFED,01,006 ,   46697,   10793,   24788,     762,   35142,   21147,   46697,   46697,       0,       0,   46697,   10793,   24788,     762,   35142,   21147,   46697,   46697,       0,       0,       0,       0,       0,       0,       0,       0,       0,       0,       0,       0,     400,       0,     400,       0,     400,       0,     400,     400,       0,       0,  100.0,   23.1,   53.1,    1.6,   75.3,   45.3,  100.0,  100.0,    0.0,    0.0,  100.0,   23.1,   53.1,    1.6,   75.3,   45.3,  100.0,  100.0,    0.0,    0.0,    0.0,    0.0,    0.0,    0.0,    0.0,    0.0,    0.0,    0.0,    0.0,    0.0,     27,      6,      9,      1,      8,      6,     14,     16,     27,      6,      9,      1,      8,      6,     14,     16,      0,      0,      0,      0,      0,      0,      0,      0,    69.0,    69.3,    91.6,    90.2,    69.0,    67.9,    91.6,    88.6,    69.0,    69.3,    91.6,    90.2,    69.0,    67.9,    91.6,    88.6,     0.0,     0.0,     0.0,     0.0,     0.0,     0.0,     0.0,     0.0,"(10 SRECs)","0063A3","IFED","006 "
"NJ SRECS VINTAGE 2020 - ICE FUTURES ENERGY DIV",180612,2018-06-12,0063A4,IFED,01,006 ,   41197,    9497,   27035,       0,   31700,   14162,   41197,   41197,       0,       0,   41197,    9497,   27035,       0,   31700,   14162,   41197,   41197,       0,       0,       0,       0,       0,       0,       0,       0,       0,       0,       0,       0,     400,       0,     400,       0,     400,       0,     400,     400,       0,       0,  100.0,   23.1,   65.6,    0.0,   76.9,   34.4,  100.0,  100.0,    0.0,    0.0,  100.0,   23.1,   65.6,    0.0,   76.9,   34.4,  100.0,  100.0,    0.0,    0.0,    0.0,    0.0,    0.0,    0.0,    0.0,    0.0,    0.0,    0.0,    0.0,    0.0,     25,      6,      7,      0,      9,      7,     15,     14,     25,      6,      7,      0,      9,      7,     15,     14,      0,      0,      0,      0,      0,      0,      0,      0,    74.9,    74.4,    93.2,    93.5,    74.9,    72.7,    93.2,    89.7,    74.9,    74.4,    93.2,    93.5,    74.9,    72.7,    93.2,    89.7,     0.0,     0.0,     0.0,     0.0,     0.0,     0.0,     0.0,     0.0,"(10 SRECs)","0063A4","IFED","006 "
"PJM TRI-RECs CLASS 1 Vin 2018 - ICE FUTURES ENERGY DIV",180612,2018-06-12,0063AB,IFED,01,006 ,   31022,   11600,   15498,     200,   19222,   15324,   31022,   31022,       0,       0,   31022,   11600,   15498,     200,   19222,   15324,   31022,   31022,       0,       0,       0,       0,       0,       0,       0,       0,       0,       0,       0,       0,       0,       0,       0,       0,       0,       0,       0,       0,       0,       0,  100.0,   37.4,   50.0,    0.6,   62.0,   49.4,  100.0,  100.0,    0.0,    0.0,  100.0,   37.4,   50.0,    0.6,   62.0,   49.4,  100.0,  100.0,    0.0,    0.0,    0.0,    0.0,    0.0,    0.0,    0.0,    0.0,    0.0,    0.0,    0.0,    0.0,     24,      5,      4,      1,     10,      8,     15,     13,     24,      5,      4,      1,     10,      8,     15,     13,      0,      0,      0,      0,      0,      0,      0,      0,    66.6,    71.9,    87.0,    96.1,    66.0,    70.6,    85.4,    94.8,    66.6,    71.9,    87.0,    96.1,    66.0,    70.6,    85.4,    94.8,     0.0,     0.0,     0.0,     0.0,     0.0,     0.0,     0.0,     0.0,"100 MWh of renewable energy certificates","0063AB","IFED","006 "
"PJM TRI-RECs CLASS 1 Vin 2019 - ICE FUTURES ENERGY DIV",180612,2018-06-12,0063AD,IFED,01,006 ,   30768,   13620,   16875,     100,   17048,   13793,   30768,   30768,       0,       0,   30768,   13620,   16875,     100,   17048,   13793,   30768,   30768,       0,       0,       0,       0,       0,       0,       0,       0,       0,       0,       0,       0,       0,       0,       0,       0,       0,       0,       0,       0,       0,       0,  100.0,   44.3,   54.8,    0.3,   55.4,   44.8,  100.0,  100.0,    0.0,    0.0,  100.0,   44.3,   54.8,    0.3,   55.4,   44.8,  100.0,  100.0,    0.0,    0.0,    0.0,    0.0,    0.0,    0.0,    0.0,    0.0,    0.0,    0.0,    0.0,    0.0,     26,      5,      7,      1,      7,      8,     13,     15,     26,      5,      7,      1,      7,      8,     13,     15,      0,      0,      0,      0,      0,      0,      0,      0,    57.5,    70.2,    89.0,    89.9,    55.0,    70.2,    86.4,    89.6,    57.5,    70.2,    89.0,    89.9,    55.0,    70.2,    86.4,    89.6,     0.0,     0.0,     0.0,     0.0,     0.0,     0.0,     0.0,     0.0,"100 MWh of renewable energy certificates","0063AD","IFED","006 "
"PJM TRI-RECs CLASS 1 Vin 2020 - ICE FUTURES ENERGY DIV",180612,2018-06-12,0063AN,IFED,01,006 ,   21245,    9020,    3855,       0,   12225,   17390,   21245,   21245,       0,       0,   21245,    9020,    3855,       0,   12225,   17390,   21245,   21245,       0,       0,       0,       0,       0,       0,       0,       0,       0,       0,       0,       0,       0,       0,       0,       0,       0,       0,       0,       0,       0,       0,  100.0,   42.5,   18.1,    0.0,   57.5,   81.9,  100.0,  100.0,    0.0,    0.0,  100.0,   42.5,   18.1,    0.0,   57.5,   81.9,  100.0,  100.0,    0.0,    0.0,    0.0,    0.0,    0.0,    0.0,    0.0,    0.0,    0.0,    0.0,    0.0,    0.0,     21,      7,      3,      0,      7,      4,     14,      7,     21,      7,      3,      0,      7,      4,     14,      7,      0,      0,      0,      0,      0,      0,      0,      0,    59.6,    93.4,    91.1,   100.0,    59.6,    93.4,    91.1,   100.0,    59.6,    93.4,    91.1,   100.0,    59.6,    93.4,    91.1,   100.0,     0.0,     0.0,     0.0,     0.0,     0.0,     0.0,     0.0,     0.0,"100 MWh of renewable energy certificates","0063AN","IFED","006 "
"RGGI VINTAGE 2017 - ICE FUTURES ENERGY DIV",180612,2018-06-12,0063AR,IFED,01,006 ,   27072,    5497,    5275,       0,   21575,   21797,   27072,   27072,       0,       0,   27072,    5497,    5275,       0,   21575,   21797,   27072,   27072,       0,       0,       0,       0,       0,       0,       0,       0,       0,       0,       0,       0,    -250,       0,       0,       0,    -250,    -250,    -250,    -250,       0,       0,  100.0,   20.3,   19.5,    0.0,   79.7,   80.5,  100.0,  100.0,    0.0,    0.0,  100.0,   20.3,   19.5,    0.0,   79.7,   80.5,  100.0,  100.0,    0.0,    0.0,    0.0,    0.0,    0.0,    0.0,    0.0,    0.0,    0.0,    0.0,    0.0,    0.0,     22,      4,      2,      0,     11,      5,     15,      7,     22,      4,      2,      0,     11,      5,     15,      7,      0,      0,      0,      0,      0,      0,      0,      0,    74.8,    97.7,    94.2,   100.0,    74.8,    97.7,    94.2,   100.0,    74.8,    97.7,    94.2,   100.0,    74.8,    97.7,    94.2,   100.0,     0.0,     0.0,     0.0,     0.0,     0.0,     0.0,     0.0,     0.0,"1,000 RGGI CO2 Allowances","0063AR","IFED","006 "
"PJM TRI-RECs CLASS 1 Vin 2021 - ICE FUTURES ENERGY DIV",180612,2018-06-12,0063B1,IFED,01,006 ,   14900,    9100,    1950,       0,    5800,   12950,   14900,   14900,       0,       0,   14900,    9100,    1950,       0,    5800,   12950,   14900,   14900,       0,       0,       0,       0,       0,       0,       0,       0,       0,       0,       0,       0,       0,       0,       0,       0,       0,       0,       0,       0,       0,       0,  100.0,   61.1,   13.1,    0.0,   38.9,   86.9,  100.0,  100.0,    0.0,    0.0,  100.0,   61.1,   13.1,    0.0,   38.9,   86.9,  100.0,  100.0,    0.0,    0.0,    0.0,    0.0,    0.0,    0.0,    0.0,    0.0,    0.0,    0.0,    0.0,    0.0,     20,      7,      2,      0,      7,      4,     14,      6,     20,      7,      2,      0,      7,      4,     14,      6,      0,      0,      0,      0,      0,      0,      0,      0,    77.2,    96.5,    92.3,   100.0,    77.2,    96.5,    92.3,   100.0,    77.2,    96.5,    92.3,   100.0,    77.2,    96.5,    92.3,   100.0,     0.0,     0.0,     0.0,     0.0,     0.0,     0.0,     0.0,     0.0,"100 MWh of renewable energy certificates","0063B1","IFED","006 "
"NJ SRECS VINTAGE 2021 - ICE FUTURES ENERGY DIV",180612,2018-06-12,0063BD,IFED,01,006 ,   25440,    9430,   16290,       0,   16010,    9150,   25440,   25440,       0,       0,   25440,    9430,   16290,       0,   16010,    9150,   25440,   25440,       0,       0,       0,       0,       0,       0,       0,       0,       0,       0,       0,       0,       0,       0,       0,       0,       0,       0,       0,       0,       0,       0,  100.0,   37.1,   64.0,    0.0,   62.9,   36.0,  100.0,  100.0,    0.0,    0.0,  100.0,   37.1,   64.0,    0.0,   62.9,   36.0,  100.0,  100.0,    0.0,    0.0,    0.0,    0.0,    0.0,    0.0,    0.0,    0.0,    0.0,    0.0,    0.0,    0.0,     23,      5,      8,      0,      5,      6,     10,     14,     23,      5,      8,      0,      5,      6,     10,     14,      0,      0,      0,      0,      0,      0,      0,      0,    83.2,    83.3,    97.7,    96.0,    83.2,    83.3,    97.7,    96.0,    83.2,    83.3,    97.7,    96.0,    83.2,    83.3,    97.7,    96.0,     0.0,     0.0,     0.0,     0.0,     0.0,     0.0,     0.0,     0.0,"(10 SRECs)","0063BD","IFED","006 "
"RGGI VINTAGE 2018 - ICE FUTURES ENERGY DIV",180612,2018-06-12,0063CD,IFED,01,006 ,   19383,    4093,     525,    1462,   13828,   17396,   19383,   19383,       0,       0,   19383,    4093,     525,    1462,   13828,   17396,   19383,   19383,       0,       0,       0,       0,       0,       0,       0,       0,       0,       0,       0,       0,     725,      35,      85,     515,     175,     125,     725,     725,       0,       0,  100.0,   21.1,    2.7,    7.5,   71.3,   89.7,  100.0,  100.0,    0.0,    0.0,  100.0,   21.1,    2.7,    7.5,   71.3,   89.7,  100.0,  100.0,    0.0,    0.0,    0.0,    0.0,    0.0,    0.0,    0.0,    0.0,    0.0,    0.0,    0.0,    0.0,     25,      4,      3,      2,     15,      9,     19,     14,     25,      4,      3,      2,     15,      9,     19,     14,      0,      0,      0,      0,      0,      0,      0,      0,    56.4,    66.1,    83.4,    95.3,    52.7,    60.6,    67.0,    70.9,    56.4,    66.1,    83.4,    95.3,    52.7,    60.6,    67.0,    70.9,     0.0,     0.0,     0.0,     0.0,     0.0,     0.0,     0.0,     0.0,"1,000 RGGI CO2 Allowances","0063CD","IFED","006 "
"SOYBEAN OIL - CHICAGO BOARD OF TRADE",180612,2018-06-12,007601,CBT ,00,007 ,  506204,  142007,  159804,  108306,  216214,  206594,  466527,  474704,   39677,   31500,  236755,  107217,  105248,   23744,   84607,   89201,  215568,  218193,   21187,   18562,  269449,   80929,  100695,   38423,  131607,  117393,  250959,  256511,   18490,   12938,   -5920,    3187,   14690,  -16838,    6696,   -5515,   -6955,   -7663,    1035,    1743,  100.0,   28.1,   31.6,   21.4,   42.7,   40.8,   92.2,   93.8,    7.8,    6.2,  100.0,   45.3,   44.5,   10.0,   35.7,   37.7,   91.1,   92.2,    8.9,    7.8,  100.0,   30.0,   37.4,   14.3,   48.8,   43.6,   93.1,   95.2,    6.9,    4.8,    377,     92,    124,    121,     90,     77,    269,    277,    325,    117,     92,     64,     79,     62,    218,    200,    283,     72,    109,     75,     64,     57,    189,    199,    11.3,    16.5,    18.7,    22.7,    11.2,    16.1,    17.3,    21.7,    12.5,    16.5,    22.9,    27.5,    12.0,    16.4,    22.0,    27.1,    16.2,    19.4,    26.1,    28.3,    16.0,    17.9,    25.9,    26.1,"(CONTRACTS OF 60,000 POUNDS)","007601","CBT ","007 "
"U.S. TREASURY BONDS - CHICAGO BOARD OF TRADE",180612,2018-06-12,020601,CBT ,00,020 ,  817757,  118352,  114165,   22316,  547353,  501236,  688021,  637717,  129736,  180040,  817757,  118352,  114165,   22316,  547353,  501236,  688021,  637717,  129736,  180040,       0,       0,       0,       0,       0,       0,       0,       0,       0,       0,    9113,   19870,   -2486,   -1930,   -1090,    6081,   16850,    1665,   -7737,    7448,  100.0,   14.5,   14.0,    2.7,   66.9,   61.3,   84.1,   78.0,   15.9,   22.0,  100.0,   14.5,   14.0,    2.7,   66.9,   61.3,   84.1,   78.0,   15.9,   22.0,    0.0,    0.0,    0.0,    0.0,    0.0,    0.0,    0.0,    0.0,    0.0,    0.0,    187,     48,     21,     19,     88,     86,    140,    122,    187,     48,     21,     19,     88,     86,    140,    122,      0,      0,      0,      0,      0,      0,      0,      0,    24.5,    26.5,    33.4,    35.5,    15.8,    18.0,    22.9,    25.3,    24.5,    26.5,    33.4,    35.5,    15.8,    18.0,    22.9,    25.3,     0.0,     0.0,     0.0,     0.0,     0.0,     0.0,     0.0,     0.0,"(CONTRACTS OF $100,000 FACE VALUE)","020601","CBT ","020 "
"ULTRA U.S. TREASURY BONDS - CHICAGO BOARD OF TRADE",180612,2018-06-12,020604,CBT ,00,020 , 1026646,   77627,  270258,   41586,  782303,  617718,  901516,  929562,  125130,   97084, 1026646,   77627,  270258,   41586,  782303,  617718,  901516,  929562,  125130,   97084,       0,       0,       0,       0,       0,       0,       0,       0,       0,       0,   -1239,    1629,    9835,    1198,   -5276,   -7009,   -2449,    4024,    1210,   -5263,  100.0,    7.6,   26.3,    4.1,   76.2,   60.2,   87.8,   90.5,   12.2,    9.5,  100.0,    7.6,   26.3,    4.1,   76.2,   60.2,   87.8,   90.5,   12.2,    9.5,    0.0,    0.0,    0.0,    0.0,    0.0,    0.0,    0.0,    0.0,    0.0,    0.0,    128,     17,     20,     21,     70,     68,     96,    100,    128,     17,     20,     21,     70,     68,     96,    100,      0,      0,      0,      0,      0,      0,      0,      0,    22.9,    32.1,    36.1,    43.9,    16.6,    32.1,    28.5,    42.8,    22.9,    32.1,    36.1,    43.9,    16.6,    32.1,    28.5,    42.8,     0.0,     0.0,     0.0,     0.0,     0.0,     0.0,     0.0,     0.0,"(CONTRACTS OF $100,000 FACE VALUE)","020604","CBT ","020 "
"USGC HSFO (PLATTS) - ICE FUTURES ENERGY DIV",180612,2018-06-12,02141B,IFED,01,021 ,   20512,    4227,     244,    2511,   13527,   17595,   20265,   20350,     247,     162,   20512,    4227,     244,    2511,   13527,   17595,   20265,   20350,     247,     162,       0,       0,       0,       0,       0,       0,       0,       0,       0,       0,     603,      88,       0,    -198,     593,     821,     483,     623,     120,     -20,  100.0,   20.6,    1.2,   12.2,   65.9,   85.8,   98.8,   99.2,    1.2,    0.8,  100.0,   20.6,    1.2,   12.2,   65.9,   85.8,   98.8,   99.2,    1.2,    0.8,    0.0,    0.0,    0.0,    0.0,    0.0,    0.0,    0.0,    0.0,    0.0,    0.0,     39,      7,      4,      6,     23,     25,     32,     33,     39,      7,      4,      6,     23,     25,     32,     33,      0,      0,      0,      0,      0,      0,      0,      0,    56.3,    41.6,    77.9,    65.9,    35.1,    32.4,    46.4,    42.7,    56.3,    41.6,    77.9,    65.9,    35.1,    32.4,    46.4,    42.7,     0.0,     0.0,     0.0,     0.0,     0.0,     0.0,     0.0,     0.0,"1000 barrels","02141B","IFED","021 "
"3% FUEL OIL USGC VS. 3.5%FUEL OIL FOB ROTTERDAM BARGES - ICE FUTURES ENERGY",180612,2018-06-12,02141C,IFED,01,021 ,   26271,    2160,    7212,    1842,   22027,   17019,   26029,   26073,     242,     198,   26271,    2160,    7212,    1842,   22027,   17019,   26029,   26073,     242,     198,       0,       0,       0,       0,       0,       0,       0,       0,       0,       0,    1645,     -40,      78,      65,    1492,    1430,    1517,    1573,     128,      72,  100.0,    8.2,   27.5,    7.0,   83.8,   64.8,   99.1,   99.2,    0.9,    0.8,  100.0,    8.2,   27.5,    7.0,   83.8,   64.8,   99.1,   99.2,    0.9,    0.8,    0.0,    0.0,    0.0,    0.0,    0.0,    0.0,    0.0,    0.0,    0.0,    0.0,     40,      5,      4,      3,     29,     19,     36,     24,     40,      5,      4,      3,     29,     19,     36,     24,      0,      0,      0,      0,      0,      0,      0,      0,    39.9,    61.2,    60.0,    83.3,    33.6,    46.4,    47.7,    57.4,    39.9,    61.2,    60.0,    83.3,    33.6,    46.4,    47.7,    57.4,     0.0,     0.0,     0.0,     0.0,     0.0,     0.0,     0.0,     0.0,"1000 barrels","02141C","IFED","021 "
"GULF # 6 FUEL 3.0% SULFUR SWAP - NEW YORK MERCANTILE EXCHANGE",180612,2018-06-12,02165A,NYME,01,021 ,   51737,    8568,     962,    5456,   37592,   45243,   51616,   51661,     121,      76,   51737,    8568,     962,    5456,   37592,   45243,   51616,   51661,     121,      76,       0,       0,       0,       0,       0,       0,       0,       0,       0,       0,    2365,     808,      90,     167,    1344,    2067,    2319,    2324,      46,      41,  100.0,   16.6,    1.9,   10.5,   72.7,   87.4,   99.8,   99.9,    0.2,    0.1,  100.0,   16.6,    1.9,   10.5,   72.7,   87.4,   99.8,   99.9,    0.2,    0.1,    0.0,    0.0,    0.0,    0.0,    0.0,    0.0,    0.0,    0.0,    0.0,    0.0,     62,     10,      5,      8,     37,     41,     50,     51,     62,     10,      5,      8,     37,     41,     50,     51,      0,      0,      0,      0,      0,      0,      0,      0,    38.2,    47.3,    63.3,    71.3,    22.1,    19.3,    30.1,    28.3,    38.2,    47.3,    63.3,    71.3,    22.1,    19.3,    30.1,    28.3,     0.0,     0.0,     0.0,     0.0,     0.0,     0.0,     0.0,     0.0,"(CONTRACTS OF 1,000 BARRELS)","02165A","NYME","021 "
"EUR 3.5% FUEL OIL RTD CAL SWAP - NEW YORK MERCANTILE EXCHANGE",180612,2018-06-12,02165E,NYME,01,021 ,   12971,     372,    1845,    1669,   10042,    8648,   12083,   12162,     888,     809,   12971,     372,    1845,    1669,   10042,    8648,   12083,   12162,     888,     809,       0,       0,       0,       0,       0,       0,       0,       0,       0,       0,     100,     -25,      41,     143,     -61,    -101,      57,      83,      43,      17,  100.0,    2.9,   14.2,   12.9,   77.4,   66.7,   93.2,   93.8,    6.8,    6.2,  100.0,    2.9,   14.2,   12.9,   77.4,   66.7,   93.2,   93.8,    6.8,    6.2,    0.0,    0.0,    0.0,    0.0,    0.0,    0.0,    0.0,    0.0,    0.0,    0.0,     37,      4,      7,      8,     22,     23,     32,     33,     37,      4,      7,      8,     22,     23,     32,     33,      0,      0,      0,      0,      0,      0,      0,      0,    37.3,    48.6,    57.9,    68.6,    20.0,    25.8,    26.4,    29.2,    37.3,    48.6,    57.9,    68.6,    20.0,    25.8,    26.4,    29.2,     0.0,     0.0,     0.0,     0.0,     0.0,     0.0,     0.0,     0.0,"(CONTRACTS OF 1,000 METRIC TONS)","02165E","NYME","021 "
"SING 380 FUEL OIL SWAP - NEW YORK MERCANTILE EXCHANGE",180612,2018-06-12,02165K,NYME,01,021 ,   10399,     678,      52,    1158,    7718,    8642,    9554,    9852,     845,     547,   10399,     678,      52,    1158,    7718,    8642,    9554,    9852,     845,     547,       0,       0,       0,       0,       0,       0,       0,       0,       0,       0,    1463,     -30,       7,      98,    1360,    1359,    1428,    1464,      35,      -1,  100.0,    6.5,    0.5,   11.1,   74.2,   83.1,   91.9,   94.7,    8.1,    5.3,  100.0,    6.5,    0.5,   11.1,   74.2,   83.1,   91.9,   94.7,    8.1,    5.3,    0.0,    0.0,    0.0,    0.0,    0.0,    0.0,    0.0,    0.0,    0.0,    0.0,     47,      5,      2,      8,     29,     36,     37,     44,     47,      5,      2,      8,     29,     36,     37,     44,      0,      0,      0,      0,      0,      0,      0,      0,    41.9,    31.9,    63.2,    51.9,    26.3,    23.0,    33.6,    32.4,    41.9,    31.9,    63.2,    51.9,    26.3,    23.0,    33.6,    32.4,     0.0,     0.0,     0.0,     0.0,     0.0,     0.0,     0.0,     0.0,"(CONTRACTS OF 1,000 METRIC TONS)","02165K","NYME","021 "
"MINI EUR 3.5%FOIL RTD CAL SWAP - NEW YORK MERCANTILE EXCHANGE",180612,2018-06-12,021A17,NYME,01,021 ,    4966,     417,    1669,     318,    3907,    1920,    4642,    3907,     324,    1059,    4966,     417,    1669,     318,    3907,    1920,    4642,    3907,     324,    1059,       0,       0,       0,       0,       0,       0,       0,       0,       0,       0,     349,     175,      10,      14,     120,     323,     309,     347,      40,       2,  100.0,    8.4,   33.6,    6.4,   78.7,   38.7,   93.5,   78.7,    6.5,   21.3,  100.0,    8.4,   33.6,    6.4,   78.7,   38.7,   93.5,   78.7,    6.5,   21.3,    0.0,    0.0,    0.0,    0.0,    0.0,    0.0,    0.0,    0.0,    0.0,    0.0,     32,      3,      6,      5,     14,     15,     20,     23,     32,      3,      6,      5,     14,     15,     20,     23,      0,      0,      0,      0,      0,      0,      0,      0,    55.4,    38.1,    73.8,    54.4,    53.9,    33.9,    70.6,    47.9,    55.4,    38.1,    73.8,    54.4,    53.9,    33.9,    70.6,    47.9,     0.0,     0.0,     0.0,     0.0,     0.0,     0.0,     0.0,     0.0,"(CONTRACTS OF 100 METRIC TONS)","021A17","NYME","021 "
"GULF NO6 FO 3% v EUR 3.5% RDAM - NEW YORK MERCANTILE EXCHANGE",180612,2018-06-12,021A28,NYME,01,021 ,   32951,     304,    9470,    4562,   27815,   18826,   32681,   32858,     270,      93,   32951,     304,    9470,    4562,   27815,   18826,   32681,   32858,     270,      93,       0,       0,       0,       0,       0,       0,       0,       0,       0,       0,    1488,      80,    1503,     493,     675,    -508,    1248,    1488,     240,       0,  100.0,    0.9,   28.7,   13.8,   84.4,   57.1,   99.2,   99.7,    0.8,    0.3,  100.0,    0.9,   28.7,   13.8,   84.4,   57.1,   99.2,   99.7,    0.8,    0.3,    0.0,    0.0,    0.0,    0.0,    0.0,    0.0,    0.0,    0.0,    0.0,    0.0,     37,      3,      6,      6,     24,     21,     30,     30,     37,      3,      6,      6,     24,     21,     30,     30,      0,      0,      0,      0,      0,      0,      0,      0,    49.7,    59.4,    75.3,    79.7,    34.3,    35.0,    41.5,    43.4,    49.7,    59.4,    75.3,    79.7,    34.3,    35.0,    41.5,    43.4,     0.0,     0.0,     0.0,     0.0,     0.0,     0.0,     0.0,     0.0,"(CONTRACTS OF 1,000 BARRELS)","021A28","NYME","021 "
"MINI SING 380 FUEL OIL SWAP - NEW YORK MERCANTILE EXCHANGE",180612,2018-06-12,021A35,NYME,01,021 ,    6487,    1025,    2493,     384,    4321,    3241,    5730,    6118,     757,     369,    6487,    1025,    2493,     384,    4321,    3241,    5730,    6118,     757,     369,       0,       0,       0,       0,       0,       0,       0,       0,       0,       0,     376,      36,      -3,      46,     283,     514,     365,     557,      11,    -181,  100.0,   15.8,   38.4,    5.9,   66.6,   50.0,   88.3,   94.3,   11.7,    5.7,  100.0,   15.8,   38.4,    5.9,   66.6,   50.0,   88.3,   94.3,   11.7,    5.7,    0.0,    0.0,    0.0,    0.0,    0.0,    0.0,    0.0,    0.0,    0.0,    0.0,     47,      9,      7,     10,     25,     21,     40,     32,     47,      9,      7,     10,     25,     21,     40,     32,      0,      0,      0,      0,      0,      0,      0,      0,    38.9,    49.7,    54.4,    72.3,    38.5,    47.9,    53.9,    69.4,    38.9,    49.7,    54.4,    72.3,    38.5,    47.9,    53.9,    69.4,     0.0,     0.0,     0.0,     0.0,     0.0,     0.0,     0.0,     0.0,"(CONTRACTS OF 100 METRIC TONS)","021A35","NYME","021 "
"FUEL OIL-380cst SING/3.5% RDAM - NEW YORK MERCANTILE EXCHANGE",180612,2018-06-12,021A56,NYME,01,021 ,    6582,     449,     128,     862,    4712,    5270,    6023,    6260,     559,     322,    6582,     449,     128,     862,    4712,    5270,    6023,    6260,     559,     322,       0,       0,       0,       0,       0,       0,       0,       0,       0,       0,     267,      82,     -78,     100,      85,     230,     267,     252,       0,      15,  100.0,    6.8,    1.9,   13.1,   71.6,   80.1,   91.5,   95.1,    8.5,    4.9,  100.0,    6.8,    1.9,   13.1,   71.6,   80.1,   91.5,   95.1,    8.5,    4.9,    0.0,    0.0,    0.0,    0.0,    0.0,    0.0,    0.0,    0.0,    0.0,    0.0,     26,      6,      2,      4,     15,     17,     22,     22,     26,      6,      2,      4,     15,     17,     22,     22,      0,      0,      0,      0,      0,      0,      0,      0,    57.4,    47.0,    71.0,    74.3,    20.1,    27.3,    28.0,    33.9,    57.4,    47.0,    71.0,    74.3,    20.1,    27.3,    28.0,    33.9,     0.0,     0.0,     0.0,     0.0,     0.0,     0.0,     0.0,     0.0,"1000 metric tons","021A56","NYME","021 "
"#2 HEATING OIL- NY HARBOR-ULSD - NEW YORK MERCANTILE EXCHANGE",180612,2018-06-12,022651,NYME,01,022 ,  416105,  113945,   79348,   87570,  163203,  221380,  364718,  388298,   51387,   27807,  416105,  113945,   79348,   87570,  163203,  221380,  364718,  388298,   51387,   27807,       0,       0,       0,       0,       0,       0,       0,       0,       0,       0,    8841,   -6489,   -2281,   -4714,   16286,   16506,    5083,    9511,    3758,    -670,  100.0,   27.4,   19.1,   21.0,   39.2,   53.2,   87.7,   93.3,   12.3,    6.7,  100.0,   27.4,   19.1,   21.0,   39.2,   53.2,   87.7,   93.3,   12.3,    6.7,    0.0,    0.0,    0.0,    0.0,    0.0,    0.0,    0.0,    0.0,    0.0,    0.0,    218,     75,     40,     82,     72,     79,    192,    169,    218,     75,     40,     82,     72,     79,    192,    169,      0,      0,      0,      0,      0,      0,      0,      0,     9.1,    15.2,    16.4,    27.3,     8.4,    14.1,    14.7,    22.4,     9.1,    15.2,    16.4,    27.3,     8.4,    14.1,    14.7,    22.4,     0.0,     0.0,     0.0,     0.0,     0.0,     0.0,     0.0,     0.0,"(CONTRACTS OF 42,000 U.S. GALLONS)","022651","NYME","022 "
"UP DOWN GC ULSD VS HO SPR - NEW YORK MERCANTILE EXCHANGE",180612,2018-06-12,022A13,NYME,01,022 ,   33877,     800,    3345,     750,   22754,   25537,   24304,   29632,    9573,    4245,   33877,     800,    3345,     750,   22754,   25537,   24304,   29632,    9573,    4245,       0,       0,       0,       0,       0,       0,       0,       0,       0,       0,     680,       0,     500,       0,     411,    -109,     411,     391,     269,     289,  100.0,    2.4,    9.9,    2.2,   67.2,   75.4,   71.7,   87.5,   28.3,   12.5,  100.0,    2.4,    9.9,    2.2,   67.2,   75.4,   71.7,   87.5,   28.3,   12.5,    0.0,    0.0,    0.0,    0.0,    0.0,    0.0,    0.0,    0.0,    0.0,    0.0,     23,      1,      1,      2,     17,     17,     19,     19,     23,      1,      1,      2,     17,     17,     19,     19,      0,      0,      0,      0,      0,      0,      0,      0,    36.6,    53.2,    54.2,    76.6,    25.3,    38.3,    33.0,    50.9,    36.6,    53.2,    54.2,    76.6,    25.3,    38.3,    33.0,    50.9,     0.0,     0.0,     0.0,     0.0,     0.0,     0.0,     0.0,     0.0,"(CONTRACTS OF 42,000 GALLONS)","022A13","NYME","022 "
"NATURAL GAS HENRY LD1 FIXED - ICE FUTURES ENERGY DIV",180612,2018-06-12,023391,IFED,01,023 , 5326525,  538213,  112512,  573857, 4177230, 4627071, 5289300, 5313440,   37225,   13085, 5326525,  538213,  112512,  573857, 4177230, 4627071, 5289300, 5313440,   37225,   13085,       0,       0,       0,       0,       0,       0,       0,       0,       0,       0,   26357,    5794,   -3088,  -31526,   55669,   59778,   29937,   25164,   -3580,    1193,  100.0,   10.1,    2.1,   10.8,   78.4,   86.9,   99.3,   99.8,    0.7,    0.2,  100.0,   10.1,    2.1,   10.8,   78.4,   86.9,   99.3,   99.8,    0.7,    0.2,    0.0,    0.0,    0.0,    0.0,    0.0,    0.0,    0.0,    0.0,    0.0,    0.0,    221,     58,     17,     53,    133,    109,    203,    167,    221,     58,     17,     53,    133,    109,    203,    167,      0,      0,      0,      0,      0,      0,      0,      0,    24.8,    39.5,    41.7,    55.0,    22.6,    38.0,    35.2,    50.8,    24.8,    39.5,    41.7,    55.0,    22.6,    38.0,    35.2,    50.8,     0.0,     0.0,     0.0,     0.0,     0.0,     0.0,     0.0,     0.0,"2500 MMBtus","023391","IFED","023 "
"NATURAL GAS PENULTIMATE ICE - ICE FUTURES ENERGY DIV",180612,2018-06-12,023392,IFED,01,023 ,  152856,   32609,   17367,   42450,   72979,   92083,  148038,  151900,    4818,     956,  152856,   32609,   17367,   42450,   72979,   92083,  148038,  151900,    4818,     956,       0,       0,       0,       0,       0,       0,       0,       0,       0,       0,    2138,     370,     178,    1389,     361,     571,    2120,    2138,      18,       0,  100.0,   21.3,   11.4,   27.8,   47.7,   60.2,   96.8,   99.4,    3.2,    0.6,  100.0,   21.3,   11.4,   27.8,   47.7,   60.2,   96.8,   99.4,    3.2,    0.6,    0.0,    0.0,    0.0,    0.0,    0.0,    0.0,    0.0,    0.0,    0.0,    0.0,     48,     10,      7,     16,     27,     26,     43,     43,     48,     10,      7,     16,     27,     26,     43,     43,      0,      0,      0,      0,      0,      0,      0,      0,    51.6,    49.3,    69.8,    67.2,    31.3,    29.7,    39.9,    43.6,    51.6,    49.3,    69.8,    67.2,    31.3,    29.7,    39.9,    43.6,     0.0,     0.0,     0.0,     0.0,     0.0,     0.0,     0.0,     0.0,"2500 mmbtu","023392","IFED","023 "
"SOCAL BORDER FIN BASIS - ICE FUTURES ENERGY DIV",180612,2018-06-12,023393,IFED,01,023 ,  272093,     773,    6041,     237,  260049,  261659,  261059,  267937,   11034,    4156,  272093,     773,    6041,     237,  260049,  261659,  261059,  267937,   11034,    4156,       0,       0,       0,       0,       0,       0,       0,       0,       0,       0,      59,    -457,    -217,     -10,    2535,     306,    2068,      79,   -2009,     -20,  100.0,    0.3,    2.2,    0.1,   95.6,   96.2,   95.9,   98.5,    4.1,    1.5,  100.0,    0.3,    2.2,    0.1,   95.6,   96.2,   95.9,   98.5,    4.1,    1.5,    0.0,    0.0,    0.0,    0.0,    0.0,    0.0,    0.0,    0.0,    0.0,    0.0,     41,      1,      3,      1,     29,     27,     30,     31,     41,      1,      3,      1,     29,     27,     30,     31,      0,      0,      0,      0,      0,      0,      0,      0,    55.1,    59.3,    69.5,    79.3,    43.8,    50.7,    57.0,    66.2,    55.1,    59.3,    69.5,    79.3,    43.8,    50.7,    57.0,    66.2,     0.0,     0.0,     0.0,     0.0,     0.0,     0.0,     0.0,     0.0,"(Contracts of 2,500  MMBTU'S)","023393","IFED","023 "
"PG&E CITYGATE FIN BASIS - ICE FUTURES ENERGY DIV",180612,2018-06-12,023394,IFED,01,023 ,  114680,    3461,      31,    6581,  100594,  103350,  110636,  109962,    4044,    4718,  114680,    3461,      31,    6581,  100594,  103350,  110636,  109962,    4044,    4718,       0,       0,       0,       0,       0,       0,       0,       0,       0,       0,    2912,    -282,    -434,     783,    2200,    3020,    2701,    3369,     211,    -457,  100.0,    3.0,    0.0,    5.7,   87.7,   90.1,   96.5,   95.9,    3.5,    4.1,  100.0,    3.0,    0.0,    5.7,   87.7,   90.1,   96.5,   95.9,    3.5,    4.1,    0.0,    0.0,    0.0,    0.0,    0.0,    0.0,    0.0,    0.0,    0.0,    0.0,     32,      2,      1,      4,     22,     24,     26,     28,     32,      2,      1,      4,     22,     24,     26,     28,      0,      0,      0,      0,      0,      0,      0,      0,    63.5,    54.7,    80.4,    73.7,    55.0,    45.0,    60.1,    54.0,    63.5,    54.7,    80.4,    73.7,    55.0,    45.0,    60.1,    54.0,     0.0,     0.0,     0.0,     0.0,     0.0,     0.0,     0.0,     0.0,"(Contracts of 2,500  MMBTU'S)","023394","IFED","023 "
"NWP ROCKIES FIN BASIS - ICE FUTURES ENERGY DIV",180612,2018-06-12,023395,IFED,01,023 ,  352995,    2027,    5169,    1939,  339740,  337797,  343706,  344905,    9289,    8090,  352995,    2027,    5169,    1939,  339740,  337797,  343706,  344905,    9289,    8090,       0,       0,       0,       0,       0,       0,       0,       0,       0,       0,   13407,     -97,      33,       9,   13185,   13827,   13097,   13869,     310,    -462,  100.0,    0.6,    1.5,    0.5,   96.2,   95.7,   97.4,   97.7,    2.6,    2.3,  100.0,    0.6,    1.5,    0.5,   96.2,   95.7,   97.4,   97.7,    2.6,    2.3,    0.0,    0.0,    0.0,    0.0,    0.0,    0.0,    0.0,    0.0,    0.0,    0.0,     42,      2,      4,      3,     27,     32,     30,     38,     42,      2,      4,      3,     27,     32,     30,     38,      0,      0,      0,      0,      0,      0,      0,      0,    73.7,    60.3,    86.0,    80.1,    65.7,    58.0,    71.6,    67.7,    73.7,    60.3,    86.0,    80.1,    65.7,    58.0,    71.6,    67.7,     0.0,     0.0,     0.0,     0.0,     0.0,     0.0,     0.0,     0.0,"(Contracts of 2,500  MMBTU'S)","023395","IFED","023 "
"AECO FIN BASIS - ICE FUTURES ENERGY DIV",180612,2018-06-12,023396,IFED,01,023 ,  858717,    3679,    7008,    7930,  835072,  840072,  846681,  855010,   12036,    3707,  858717,    3679,    7008,    7930,  835072,  840072,  846681,  855010,   12036,    3707,       0,       0,       0,       0,       0,       0,       0,       0,       0,       0,   22905,    1835,      -3,     341,   19661,   22168,   21837,   22506,    1068,     399,  100.0,    0.4,    0.8,    0.9,   97.2,   97.8,   98.6,   99.6,    1.4,    0.4,  100.0,    0.4,    0.8,    0.9,   97.2,   97.8,   98.6,   99.6,    1.4,    0.4,    0.0,    0.0,    0.0,    0.0,    0.0,    0.0,    0.0,    0.0,    0.0,    0.0,     49,      3,      1,      2,     43,     27,     47,     29,     49,      3,      1,      2,     43,     27,     47,     29,      0,      0,      0,      0,      0,      0,      0,      0,    36.9,    67.2,    60.9,    90.7,    33.8,    67.0,    56.5,    87.8,    36.9,    67.2,    60.9,    90.7,    33.8,    67.0,    56.5,    87.8,     0.0,     0.0,     0.0,     0.0,     0.0,     0.0,     0.0,     0.0,"(Contracts of 2,500  MMBTU'S)","023396","IFED","023 "
"CHICAGO FIN BASIS - ICE FUTURES ENERGY DIV",180612,2018-06-12,023397,IFED,01,023 ,  451968,    5432,    2718,     210,  419519,  441693,  425161,  444621,   26807,    7347,  451968,    5432,    2718,     210,  419519,  441693,  425161,  444621,   26807,    7347,       0,       0,       0,       0,       0,       0,       0,       0,       0,       0,    -266,    -123,    -302,      30,    -266,    -747,    -359,   -1019,      93,     753,  100.0,    1.2,    0.6,    0.0,   92.8,   97.7,   94.1,   98.4,    5.9,    1.6,  100.0,    1.2,    0.6,    0.0,   92.8,   97.7,   94.1,   98.4,    5.9,    1.6,    0.0,    0.0,    0.0,    0.0,    0.0,    0.0,    0.0,    0.0,    0.0,    0.0,     56,      2,      1,      1,     35,     41,     37,     43,     56,      2,      1,      1,     35,     41,     37,     43,      0,      0,      0,      0,      0,      0,      0,      0,    50.6,    34.5,    69.3,    52.3,    48.1,    30.6,    58.2,    45.3,    50.6,    34.5,    69.3,    52.3,    48.1,    30.6,    58.2,    45.3,     0.0,     0.0,     0.0,     0.0,     0.0,     0.0,     0.0,     0.0,"(Contracts of 2,500  MMBTU'S)","023397","IFED","023 "
"HSC FIN BASIS - ICE FUTURES ENERGY DIV",180612,2018-06-12,023398,IFED,01,023 ,  522165,    4209,    2202,     797,  502911,  513007,  507917,  516006,   14248,    6159,  522165,    4209,    2202,     797,  502911,  513007,  507917,  516006,   14248,    6159,       0,       0,       0,       0,       0,       0,       0,       0,       0,       0,    6486,     -26,     277,      33,    4686,    7151,    4693,    7461,    1793,    -975,  100.0,    0.8,    0.4,    0.2,   96.3,   98.2,   97.3,   98.8,    2.7,    1.2,  100.0,    0.8,    0.4,    0.2,   96.3,   98.2,   97.3,   98.8,    2.7,    1.2,    0.0,    0.0,    0.0,    0.0,    0.0,    0.0,    0.0,    0.0,    0.0,    0.0,     56,      4,      2,      4,     35,     39,     41,     43,     56,      4,      2,      4,     35,     39,     41,     43,      0,      0,      0,      0,      0,      0,      0,      0,    61.5,    47.2,    82.5,    68.4,    56.4,    46.9,    74.8,    66.5,    61.5,    47.2,    82.5,    68.4,    56.4,    46.9,    74.8,    66.5,     0.0,     0.0,     0.0,     0.0,     0.0,     0.0,     0.0,     0.0,"(Contracts of 2,500  MMBTU'S)","023398","IFED","023 "
"WAHA FIN BASIS - ICE FUTURES ENERGY DIV",180612,2018-06-12,023399,IFED,01,023 ,  303635,    1325,    7533,     300,  294714,  290095,  296339,  297928,    7296,    5707,  303635,    1325,    7533,     300,  294714,  290095,  296339,  297928,    7296,    5707,       0,       0,       0,       0,       0,       0,       0,       0,       0,       0,    6709,    -956,     324,     -62,    8887,    6805,    7869,    7067,   -1160,    -358,  100.0,    0.4,    2.5,    0.1,   97.1,   95.5,   97.6,   98.1,    2.4,    1.9,  100.0,    0.4,    2.5,    0.1,   97.1,   95.5,   97.6,   98.1,    2.4,    1.9,    0.0,    0.0,    0.0,    0.0,    0.0,    0.0,    0.0,    0.0,    0.0,    0.0,     58,      2,      3,      2,     43,     37,     45,     42,     58,      2,      3,      2,     43,     37,     45,     42,      0,      0,      0,      0,      0,      0,      0,      0,    39.1,    37.3,    58.3,    63.4,    39.1,    33.5,    54.2,    52.8,    39.1,    37.3,    58.3,    63.4,    39.1,    33.5,    54.2,    52.8,     0.0,     0.0,     0.0,     0.0,     0.0,     0.0,     0.0,     0.0,"(Contracts of 2,500  MMBTU'S)","023399","IFED","023 "
"ALGONQUIN CITY-GATES FINANCIAL BASIS - ICE FUTURES ENERGY DIV",180612,2018-06-12,02339E,IFED,01,023 ,   97555,     875,    2101,    2382,   88484,   88536,   91741,   93019,    5814,    4536,   97555,     875,    2101,    2382,   88484,   88536,   91741,   93019,    5814,    4536,       0,       0,       0,       0,       0,       0,       0,       0,       0,       0,    2974,       0,   -1004,    -119,    2365,    4281,    2246,    3158,     728,    -184,  100.0,    0.9,    2.2,    2.4,   90.7,   90.8,   94.0,   95.4,    6.0,    4.6,  100.0,    0.9,    2.2,    2.4,   90.7,   90.8,   94.0,   95.4,    6.0,    4.6,    0.0,    0.0,    0.0,    0.0,    0.0,    0.0,    0.0,    0.0,    0.0,    0.0,     29,      1,      1,      1,     22,     20,     24,     21,     29,      1,      1,      1,     22,     20,     24,     21,      0,      0,      0,      0,      0,      0,      0,      0,    48.8,    40.2,    68.4,    65.6,    46.3,    38.9,    65.8,    60.6,    48.8,    40.2,    68.4,    65.6,    46.3,    38.9,    65.8,    60.6,     0.0,     0.0,     0.0,     0.0,     0.0,     0.0,     0.0,     0.0,"2500 mmbtu","02339E","IFED","023 "
"CHICAGO CITYGATE (INDEX) - ICE FUTURES ENERGY DIV",180612,2018-06-12,02339Q,IFED,01,023 ,   51293,     700,       0,       0,   49246,   50719,   49946,   50719,    1347,     574,   51293,     700,       0,       0,   49246,   50719,   49946,   50719,    1347,     574,       0,       0,       0,       0,       0,       0,       0,       0,       0,       0,    1393,       0,       0,       0,    1393,    1239,    1393,    1239,       0,     154,  100.0,    1.4,    0.0,    0.0,   96.0,   98.9,   97.4,   98.9,    2.6,    1.1,  100.0,    1.4,    0.0,    0.0,   96.0,   98.9,   97.4,   98.9,    2.6,    1.1,    0.0,    0.0,    0.0,    0.0,    0.0,    0.0,    0.0,    0.0,    0.0,    0.0,     30,      1,      0,      0,     17,     15,     18,     15,     30,      1,      0,      0,     17,     15,     18,     15,      0,      0,      0,      0,      0,      0,      0,      0,    72.9,    78.8,    87.6,    92.0,    72.8,    77.1,    87.6,    90.4,    72.9,    78.8,    87.6,    92.0,    72.8,    77.1,    87.6,    90.4,     0.0,     0.0,     0.0,     0.0,     0.0,     0.0,     0.0,     0.0,"2500 mmbtu","02339Q","IFED","023 "
"COLORADO INTERSTATE - MAINLINE (BASIS) - ICE FUTURES ENERGY DIV",180612,2018-06-12,02339U,IFED,01,023 ,  194736,       0,    2426,    1370,  180884,  185838,  182254,  189634,   12482,    5102,  194736,       0,    2426,    1370,  180884,  185838,  182254,  189634,   12482,    5102,       0,       0,       0,       0,       0,       0,       0,       0,       0,       0,     136,       0,     816,    -185,   -1321,    -243,   -1506,     388,    1642,    -252,  100.0,    0.0,    1.2,    0.7,   92.9,   95.4,   93.6,   97.4,    6.4,    2.6,  100.0,    0.0,    1.2,    0.7,   92.9,   95.4,   93.6,   97.4,    6.4,    2.6,    0.0,    0.0,    0.0,    0.0,    0.0,    0.0,    0.0,    0.0,    0.0,    0.0,     27,      0,      2,      2,     17,     18,     19,     20,     27,      0,      2,      2,     17,     18,     19,     20,      0,      0,      0,      0,      0,      0,      0,      0,    72.6,    66.6,    86.8,    86.2,    70.2,    66.6,    83.2,    85.6,    72.6,    66.6,    86.8,    86.2,    70.2,    66.6,    83.2,    85.6,     0.0,     0.0,     0.0,     0.0,     0.0,     0.0,     0.0,     0.0,"2500 mmbtu","02339U","IFED","023 "
"COLUMBIA GAS CO. - TCO POOL (APPALACHIA) (BASIS) - ICE FUTURES ENERGY DIV",180612,2018-06-12,02339W,IFED,01,023 ,  167466,    2091,    1510,       0,  156455,  156209,  158546,  157719,    8920,    9747,  167466,    2091,    1510,       0,  156455,  156209,  158546,  157719,    8920,    9747,       0,       0,       0,       0,       0,       0,       0,       0,       0,       0,     515,     236,       0,      -7,      -2,   -2343,     227,   -2350,     288,    2865,  100.0,    1.2,    0.9,    0.0,   93.4,   93.3,   94.7,   94.2,    5.3,    5.8,  100.0,    1.2,    0.9,    0.0,   93.4,   93.3,   94.7,   94.2,    5.3,    5.8,    0.0,    0.0,    0.0,    0.0,    0.0,    0.0,    0.0,    0.0,    0.0,    0.0,     33,      1,      1,      0,     25,     21,     26,     22,     33,      1,      1,      0,     25,     21,     26,     22,      0,      0,      0,      0,      0,      0,      0,      0,    55.9,    67.3,    72.0,    84.1,    54.6,    67.2,    69.7,    81.4,    55.9,    67.3,    72.0,    84.1,    54.6,    67.2,    69.7,    81.4,     0.0,     0.0,     0.0,     0.0,     0.0,     0.0,     0.0,     0.0,"2500 mm btu","02339W","IFED","023 "
"COLUMBIA GULF TRANSMISSION CO. -  MAINLINE POOL - ICE FUTURES ENERGY DIV",180612,2018-06-12,02339Y,IFED,01,023 ,  195146,       0,       0,       0,  187281,  190065,  187281,  190065,    7865,    5081,  195146,       0,       0,       0,  187281,  190065,  187281,  190065,    7865,    5081,       0,       0,       0,       0,       0,       0,       0,       0,       0,       0,   11641,       0,       0,       0,   12578,   11521,   12578,   11521,    -937,     120,  100.0,    0.0,    0.0,    0.0,   96.0,   97.4,   96.0,   97.4,    4.0,    2.6,  100.0,    0.0,    0.0,    0.0,   96.0,   97.4,   96.0,   97.4,    4.0,    2.6,    0.0,    0.0,    0.0,    0.0,    0.0,    0.0,    0.0,    0.0,    0.0,    0.0,     21,      0,      0,      0,     15,     16,     15,     16,     21,      0,      0,      0,     15,     16,     15,     16,      0,      0,      0,      0,      0,      0,      0,      0,    70.6,    72.6,    92.1,    91.0,    69.2,    72.6,    89.8,    89.3,    70.6,    72.6,    92.1,    91.0,    69.2,    72.6,    89.8,    89.3,     0.0,     0.0,     0.0,     0.0,     0.0,     0.0,     0.0,     0.0,"2500 mmbtu","02339Y","IFED","023 "
"DOMINION - SOUTH POINT - ICE FUTURES ENERGY DIV",180612,2018-06-12,0233A2,IFED,01,023 ,   25523,    3942,    1344,     240,   19936,   23189,   24118,   24773,    1405,     750,   25523,    3942,    1344,     240,   19936,   23189,   24118,   24773,    1405,     750,       0,       0,       0,       0,       0,       0,       0,       0,       0,       0,     558,     868,       0,       0,    -465,     558,     403,     558,     155,       0,  100.0,   15.4,    5.3,    0.9,   78.1,   90.9,   94.5,   97.1,    5.5,    2.9,  100.0,   15.4,    5.3,    0.9,   78.1,   90.9,   94.5,   97.1,    5.5,    2.9,    0.0,    0.0,    0.0,    0.0,    0.0,    0.0,    0.0,    0.0,    0.0,    0.0,     29,      3,      2,      1,     11,     15,     15,     17,     29,      3,      2,      1,     11,     15,     15,     17,      0,      0,      0,      0,      0,      0,      0,      0,    74.4,    60.7,    86.8,    80.5,    74.4,    59.7,    86.6,    78.6,    74.4,    60.7,    86.8,    80.5,    74.4,    59.7,    86.6,    78.6,     0.0,     0.0,     0.0,     0.0,     0.0,     0.0,     0.0,     0.0,"2500 mmbtu","0233A2","IFED","023 "
"DOMINION - SOUTH POINT (BASIS) - ICE FUTURES ENERGY DIV",180612,2018-06-12,0233A3,IFED,01,023 ,  566842,   18377,   17149,    3844,  534381,  538937,  556602,  559930,   10240,    6912,  566842,   18377,   17149,    3844,  534381,  538937,  556602,  559930,   10240,    6912,       0,       0,       0,       0,       0,       0,       0,       0,       0,       0,    2779,    3331,    1423,    -400,   -3087,     989,    -156,    2012,    2935,     767,  100.0,    3.2,    3.0,    0.7,   94.3,   95.1,   98.2,   98.8,    1.8,    1.2,  100.0,    3.2,    3.0,    0.7,   94.3,   95.1,   98.2,   98.8,    1.8,    1.2,    0.0,    0.0,    0.0,    0.0,    0.0,    0.0,    0.0,    0.0,    0.0,    0.0,     75,      6,      6,      7,     49,     50,     59,     59,     75,      6,      6,      7,     49,     50,     59,     59,      0,      0,      0,      0,      0,      0,      0,      0,    34.8,    60.9,    53.0,    70.6,    34.6,    58.8,    50.9,    65.4,    34.8,    60.9,    53.0,    70.6,    34.6,    58.8,    50.9,    65.4,     0.0,     0.0,     0.0,     0.0,     0.0,     0.0,     0.0,     0.0,"2500 mmbtu","0233A3","IFED","023 "
"EL PASO - PERMIAN BASIN (BASIS) - ICE FUTURES ENERGY DIV",180612,2018-06-12,0233A5,IFED,01,023 ,  245924,     248,    6839,     897,  240461,  228207,  241606,  235943,    4318,    9981,  245924,     248,    6839,     897,  240461,  228207,  241606,  235943,    4318,    9981,       0,       0,       0,       0,       0,       0,       0,       0,       0,       0,   12180,     248,    2641,    -184,   12170,    9885,   12234,   12342,     -54,    -162,  100.0,    0.1,    2.8,    0.4,   97.8,   92.8,   98.2,   95.9,    1.8,    4.1,  100.0,    0.1,    2.8,    0.4,   97.8,   92.8,   98.2,   95.9,    1.8,    4.1,    0.0,    0.0,    0.0,    0.0,    0.0,    0.0,    0.0,    0.0,    0.0,    0.0,     41,      1,      6,      3,     28,     28,     32,     34,     41,      1,      6,      3,     28,     28,     32,     34,      0,      0,      0,      0,      0,      0,      0,      0,    36.4,    44.0,    60.1,    71.6,    30.9,    36.7,    49.9,    51.6,    36.4,    44.0,    60.1,    71.6,    30.9,    36.7,    49.9,    51.6,     0.0,     0.0,     0.0,     0.0,     0.0,     0.0,     0.0,     0.0,"2500 mmbtu","0233A5","IFED","023 "
"EL PASO - PERMIAN BASIN (INDEX) - ICE FUTURES ENERGY DIV",180612,2018-06-12,0233A6,IFED,01,023 ,   37447,     848,    1770,       0,   35196,   34522,   36044,   36292,    1403,    1155,   37447,     848,    1770,       0,   35196,   34522,   36044,   36292,    1403,    1155,       0,       0,       0,       0,       0,       0,       0,       0,       0,       0,    1662,       0,       0,       0,    1662,    1662,    1662,    1662,       0,       0,  100.0,    2.3,    4.7,    0.0,   94.0,   92.2,   96.3,   96.9,    3.7,    3.1,  100.0,    2.3,    4.7,    0.0,   94.0,   92.2,   96.3,   96.9,    3.7,    3.1,    0.0,    0.0,    0.0,    0.0,    0.0,    0.0,    0.0,    0.0,    0.0,    0.0,     25,      1,      2,      0,     15,     11,     16,     13,     25,      1,      2,      0,     15,     11,     16,     13,      0,      0,      0,      0,      0,      0,      0,      0,    70.6,    65.2,    87.6,    87.3,    69.6,    61.4,    84.0,    81.4,    70.6,    65.2,    87.6,    87.3,    69.6,    61.4,    84.0,    81.4,     0.0,     0.0,     0.0,     0.0,     0.0,     0.0,     0.0,     0.0,"2500 mmbtu","0233A6","IFED","023 "
"EL PASO-SAN JUAN BASIN-BLANCO POOL PRIMARY ONLY-BASIS - ICE FUTURES ENERGY D",180612,2018-06-12,0233A8,IFED,01,023 ,   86397,       0,    1109,       0,   79018,   77513,   79018,   78622,    7379,    7775,   86397,       0,    1109,       0,   79018,   77513,   79018,   78622,    7379,    7775,       0,       0,       0,       0,       0,       0,       0,       0,       0,       0,    -475,       0,     -64,       0,    -291,    -820,    -291,    -884,    -184,     409,  100.0,    0.0,    1.3,    0.0,   91.5,   89.7,   91.5,   91.0,    8.5,    9.0,  100.0,    0.0,    1.3,    0.0,   91.5,   89.7,   91.5,   91.0,    8.5,    9.0,    0.0,    0.0,    0.0,    0.0,    0.0,    0.0,    0.0,    0.0,    0.0,    0.0,     21,      0,      1,      0,     16,     12,     16,     13,     21,      0,      1,      0,     16,     12,     16,     13,      0,      0,      0,      0,      0,      0,      0,      0,    53.0,    74.3,    74.9,    86.9,    51.7,    69.7,    72.0,    81.5,    53.0,    74.3,    74.9,    86.9,    51.7,    69.7,    72.0,    81.5,     0.0,     0.0,     0.0,     0.0,     0.0,     0.0,     0.0,     0.0,"2500 mmbtu","0233A8","IFED","023 "
"HENRY HUB - TAILGATE LOUISIANA (BASIS) - ICE FUTURES ENERGY DIV",180612,2018-06-12,0233AG,IFED,01,023 ,  139072,    2832,    1970,       0,  128899,  134344,  131731,  136314,    7341,    2758,  139072,    2832,    1970,       0,  128899,  134344,  131731,  136314,    7341,    2758,       0,       0,       0,       0,       0,       0,       0,       0,       0,       0,    7812,     372,     248,       0,    6584,    7192,    6956,    7440,     856,     372,  100.0,    2.0,    1.4,    0.0,   92.7,   96.6,   94.7,   98.0,    5.3,    2.0,  100.0,    2.0,    1.4,    0.0,   92.7,   96.6,   94.7,   98.0,    5.3,    2.0,    0.0,    0.0,    0.0,    0.0,    0.0,    0.0,    0.0,    0.0,    0.0,    0.0,     25,      1,      2,      0,     15,     14,     16,     16,     25,      1,      2,      0,     15,     14,     16,     16,      0,      0,      0,      0,      0,      0,      0,      0,    57.8,    63.7,    79.0,    87.5,    53.7,    59.6,    68.1,    71.7,    57.8,    63.7,    79.0,    87.5,    53.7,    59.6,    68.1,    71.7,     0.0,     0.0,     0.0,     0.0,     0.0,     0.0,     0.0,     0.0,"2500 mmbtu","0233AG","IFED","023 "
"HENRY HUB - TAILGATE LOUISIANA (INDEX) - ICE FUTURES ENERGY DIV",180612,2018-06-12,0233AH,IFED,01,023 ,  140731,    9042,    5502,       0,  127805,  134257,  136847,  139759,    3884,     972,  140731,    9042,    5502,       0,  127805,  134257,  136847,  139759,    3884,     972,       0,       0,       0,       0,       0,       0,       0,       0,       0,       0,    7688,     372,     372,       0,    7196,    6854,    7568,    7226,     120,     462,  100.0,    6.4,    3.9,    0.0,   90.8,   95.4,   97.2,   99.3,    2.8,    0.7,  100.0,    6.4,    3.9,    0.0,   90.8,   95.4,   97.2,   99.3,    2.8,    0.7,    0.0,    0.0,    0.0,    0.0,    0.0,    0.0,    0.0,    0.0,    0.0,    0.0,     57,      2,      5,      0,     30,     30,     32,     35,     57,      2,      5,      0,     30,     30,     32,     35,      0,      0,      0,      0,      0,      0,      0,      0,    46.3,    65.0,    67.8,    78.1,    44.9,    60.0,    63.2,    67.5,    46.3,    65.0,    67.8,    78.1,    44.9,    60.0,    63.2,    67.5,     0.0,     0.0,     0.0,     0.0,     0.0,     0.0,     0.0,     0.0,"2500 mmbtu","0233AH","IFED","023 "
"HOUSTON SHIP CHANNEL (INDEX) - ICE FUTURES ENERGY DIV",180612,2018-06-12,0233AM,IFED,01,023 ,  179509,     720,     570,       0,  177367,  176715,  178087,  177285,    1422,    2224,  179509,     720,     570,       0,  177367,  176715,  178087,  177285,    1422,    2224,       0,       0,       0,       0,       0,       0,       0,       0,       0,       0,     481,       0,       0,       0,     846,     603,     846,     603,    -365,    -122,  100.0,    0.4,    0.3,    0.0,   98.8,   98.4,   99.2,   98.8,    0.8,    1.2,  100.0,    0.4,    0.3,    0.0,   98.8,   98.4,   99.2,   98.8,    0.8,    1.2,    0.0,    0.0,    0.0,    0.0,    0.0,    0.0,    0.0,    0.0,    0.0,    0.0,     37,      1,      2,      0,     22,     18,     23,     20,     37,      1,      2,      0,     22,     18,     23,     20,      0,      0,      0,      0,      0,      0,      0,      0,    72.4,    84.2,    86.7,    93.1,    71.4,    77.1,    82.2,    85.8,    72.4,    84.2,    86.7,    93.1,    71.4,    77.1,    82.2,    85.8,     0.0,     0.0,     0.0,     0.0,     0.0,     0.0,     0.0,     0.0,"2500 mmbtu","0233AM","IFED","023 "
"MICHIGAN CONSOLIDATED CITYGATE (GENERIC) (BASIS) - ICE FUTURES ENERGY DIV",180612,2018-06-12,0233AQ,IFED,01,023 ,  268288,      92,     732,     915,  264036,  255082,  265043,  256729,    3245,   11559,  268288,      92,     732,     915,  264036,  255082,  265043,  256729,    3245,   11559,       0,       0,       0,       0,       0,       0,       0,       0,       0,       0,    5175,       0,     246,       0,    4687,    3778,    4687,    4024,     488,    1151,  100.0,    0.0,    0.3,    0.3,   98.4,   95.1,   98.8,   95.7,    1.2,    4.3,  100.0,    0.0,    0.3,    0.3,   98.4,   95.1,   98.8,   95.7,    1.2,    4.3,    0.0,    0.0,    0.0,    0.0,    0.0,    0.0,    0.0,    0.0,    0.0,    0.0,     38,      1,      1,      1,     33,     28,     34,     30,     38,      1,      1,      1,     33,     28,     34,     30,      0,      0,      0,      0,      0,      0,      0,      0,    50.8,    47.0,    68.1,    70.3,    49.1,    40.0,    62.7,    56.6,    50.8,    47.0,    68.1,    70.3,    49.1,    40.0,    62.7,    56.6,     0.0,     0.0,     0.0,     0.0,     0.0,     0.0,     0.0,     0.0,"2500 mmbtu","0233AQ","IFED","023 "
"NATURAL GAS PIPELINE-MID-CONTINENT POOL PIN (BASIS) - ICE FUTURES ENERGY DIV",180612,2018-06-12,0233AY,IFED,01,023 ,  104776,    1534,       0,    1142,   88325,   90176,   91001,   91318,   13775,   13458,  104776,    1534,       0,    1142,   88325,   90176,   91001,   91318,   13775,   13458,       0,       0,       0,       0,       0,       0,       0,       0,       0,       0,    2816,    1534,    -104,    -107,     -71,    1379,    1356,    1168,    1460,    1648,  100.0,    1.5,    0.0,    1.1,   84.3,   86.1,   86.9,   87.2,   13.1,   12.8,  100.0,    1.5,    0.0,    1.1,   84.3,   86.1,   86.9,   87.2,   13.1,   12.8,    0.0,    0.0,    0.0,    0.0,    0.0,    0.0,    0.0,    0.0,    0.0,    0.0,     24,      1,      0,      1,     16,     19,     17,     20,     24,      1,      0,      1,     16,     19,     17,     20,      0,      0,      0,      0,      0,      0,      0,      0,    52.4,    40.9,    72.9,    65.8,    38.6,    39.1,    50.0,    48.3,    52.4,    40.9,    72.9,    65.8,    38.6,    39.1,    50.0,    48.3,     0.0,     0.0,     0.0,     0.0,     0.0,     0.0,     0.0,     0.0,"2500 mmbtu","0233AY","IFED","023 "
"NATURAL GAS PIPELINE-TEXOK (BASIS) - ICE FUTURES ENERGY DIV",180612,2018-06-12,0233B1,IFED,01,023 ,  163419,     307,       0,    1161,  159035,  156746,  160503,  157907,    2916,    5512,  163419,     307,       0,    1161,  159035,  156746,  160503,  157907,    2916,    5512,       0,       0,       0,       0,       0,       0,       0,       0,       0,       0,    1650,    -302,       0,     -33,    1985,    1683,    1650,    1650,       0,       0,  100.0,    0.2,    0.0,    0.7,   97.3,   95.9,   98.2,   96.6,    1.8,    3.4,  100.0,    0.2,    0.0,    0.7,   97.3,   95.9,   98.2,   96.6,    1.8,    3.4,    0.0,    0.0,    0.0,    0.0,    0.0,    0.0,    0.0,    0.0,    0.0,    0.0,     31,      1,      0,      1,     21,     24,     22,     25,     31,      1,      0,      1,     21,     24,     22,     25,      0,      0,      0,      0,      0,      0,      0,      0,    54.4,    50.8,    74.4,    65.7,    42.2,    41.5,    53.6,    51.0,    54.4,    50.8,    74.4,    65.7,    42.2,    41.5,    53.6,    51.0,     0.0,     0.0,     0.0,     0.0,     0.0,     0.0,     0.0,     0.0,"2500 mmbtu","0233B1","IFED","023 "
"NORTHERN NATURAL GAS - VENTURA (BASIS) - ICE FUTURES ENERGY DIV",180612,2018-06-12,0233BB,IFED,01,023 ,  157566,    8821,       0,     827,  138437,  152146,  148085,  152973,    9481,    4593,  157566,    8821,       0,     827,  138437,  152146,  148085,  152973,    9481,    4593,       0,       0,       0,       0,       0,       0,       0,       0,       0,       0,    2109,     572,       0,     114,    1390,    3107,    2076,    3221,      33,   -1112,  100.0,    5.6,    0.0,    0.5,   87.9,   96.6,   94.0,   97.1,    6.0,    2.9,  100.0,    5.6,    0.0,    0.5,   87.9,   96.6,   94.0,   97.1,    6.0,    2.9,    0.0,    0.0,    0.0,    0.0,    0.0,    0.0,    0.0,    0.0,    0.0,    0.0,     27,      3,      0,      2,     19,     16,     22,     18,     27,      3,      0,      2,     19,     16,     22,     18,      0,      0,      0,      0,      0,      0,      0,      0,    55.5,    62.1,    75.7,    85.7,    45.6,    51.1,    58.6,    64.6,    55.5,    62.1,    75.7,    85.7,    45.6,    51.1,    58.6,    64.6,     0.0,     0.0,     0.0,     0.0,     0.0,     0.0,     0.0,     0.0,"2500 mmbtu","0233BB","IFED","023 "
"NORTHWEST PIPELINE - CANADIAN BORDER (BASIS) - ICE FUTURES ENERGY DIV",180612,2018-06-12,0233BC,IFED,01,023 ,  111150,       0,       0,       0,  101179,  100899,  101179,  100899,    9971,   10251,  111150,       0,       0,       0,  101179,  100899,  101179,  100899,    9971,   10251,       0,       0,       0,       0,       0,       0,       0,       0,       0,       0,    -216,       0,       0,       0,     303,   -4371,     303,   -4371,    -519,    4155,  100.0,    0.0,    0.0,    0.0,   91.0,   90.8,   91.0,   90.8,    9.0,    9.2,  100.0,    0.0,    0.0,    0.0,   91.0,   90.8,   91.0,   90.8,    9.0,    9.2,    0.0,    0.0,    0.0,    0.0,    0.0,    0.0,    0.0,    0.0,    0.0,    0.0,     21,      0,      0,      0,     19,     16,     19,     16,     21,      0,      0,      0,     19,     16,     19,     16,      0,      0,      0,      0,      0,      0,      0,      0,    58.2,    78.0,    74.7,    88.1,    56.9,    75.6,    70.8,    77.9,    58.2,    78.0,    74.7,    88.1,    56.9,    75.6,    70.8,    77.9,     0.0,     0.0,     0.0,     0.0,     0.0,     0.0,     0.0,     0.0,"2500 mmbtu","0233BC","IFED","023 "
"PACIFIC GAS TRANSMISSION - MALIN (BASIS) - ICE FUTURES ENERGY DIV",180612,2018-06-12,0233BH,IFED,01,023 ,  199969,    1703,    1477,     542,  194898,  186136,  197143,  188155,    2826,   11814,  199969,    1703,    1477,     542,  194898,  186136,  197143,  188155,    2826,   11814,       0,       0,       0,       0,       0,       0,       0,       0,       0,       0,     830,      47,     321,     -13,     264,     690,     298,     998,     532,    -168,  100.0,    0.9,    0.7,    0.3,   97.5,   93.1,   98.6,   94.1,    1.4,    5.9,  100.0,    0.9,    0.7,    0.3,   97.5,   93.1,   98.6,   94.1,    1.4,    5.9,    0.0,    0.0,    0.0,    0.0,    0.0,    0.0,    0.0,    0.0,    0.0,    0.0,     30,      2,      1,      2,     22,     17,     25,     19,     30,      2,      1,      2,     22,     17,     25,     19,      0,      0,      0,      0,      0,      0,      0,      0,    69.1,    58.2,    87.6,    80.0,    66.0,    43.8,    73.6,    63.3,    69.1,    58.2,    87.6,    80.0,    66.0,    43.8,    73.6,    63.3,     0.0,     0.0,     0.0,     0.0,     0.0,     0.0,     0.0,     0.0,"2500 mmbtu","0233BH","IFED","023 "
"PANHANDLE EASTERN- POOL GAS (BASIS) - ICE FUTURES ENERGY DIV",180612,2018-06-12,0233BL,IFED,01,023 ,  159743,       0,    3405,     918,  146348,  148716,  147266,  153039,   12477,    6704,  159743,       0,    3405,     918,  146348,  148716,  147266,  153039,   12477,    6704,       0,       0,       0,       0,       0,       0,       0,       0,       0,       0,    7989,       0,    1065,    -302,    8377,    7002,    8075,    7765,     -86,     224,  100.0,    0.0,    2.1,    0.6,   91.6,   93.1,   92.2,   95.8,    7.8,    4.2,  100.0,    0.0,    2.1,    0.6,   91.6,   93.1,   92.2,   95.8,    7.8,    4.2,    0.0,    0.0,    0.0,    0.0,    0.0,    0.0,    0.0,    0.0,    0.0,    0.0,     40,      0,      3,      2,     32,     28,     34,     31,     40,      0,      3,      2,     32,     28,     34,     31,      0,      0,      0,      0,      0,      0,      0,      0,    36.8,    43.9,    54.3,    63.8,    34.7,    33.0,    48.0,    45.5,    36.8,    43.9,    54.3,    63.8,    34.7,    33.0,    48.0,    45.5,     0.0,     0.0,     0.0,     0.0,     0.0,     0.0,     0.0,     0.0,"2500 mmbtu","0233BL","IFED","023 "
"TEXAS EASTERN- M3 ZONE (DELIVERED) (BASIS) - ICE FUTURES ENERGY DIV",180612,2018-06-12,0233CH,IFED,01,023 ,  230552,    4542,    1654,    1503,  215785,  218440,  221830,  221597,    8722,    8955,  230552,    4542,    1654,    1503,  215785,  218440,  221830,  221597,    8722,    8955,       0,       0,       0,       0,       0,       0,       0,       0,       0,       0,      34,    -184,    -759,    -122,    1349,     859,    1043,     -22,   -1009,      56,  100.0,    2.0,    0.7,    0.7,   93.6,   94.7,   96.2,   96.1,    3.8,    3.9,  100.0,    2.0,    0.7,    0.7,   93.6,   94.7,   96.2,   96.1,    3.8,    3.9,    0.0,    0.0,    0.0,    0.0,    0.0,    0.0,    0.0,    0.0,    0.0,    0.0,     41,      3,      1,      1,     31,     28,     35,     29,     41,      3,      1,      1,     31,     28,     35,     29,      0,      0,      0,      0,      0,      0,      0,      0,    49.8,    55.3,    64.5,    71.0,    49.6,    51.7,    63.0,    62.0,    49.8,    55.3,    64.5,    71.0,    49.6,    51.7,    63.0,    62.0,     0.0,     0.0,     0.0,     0.0,     0.0,     0.0,     0.0,     0.0,"2500 mm btu","0233CH","IFED","023 "
"TRANSCO ZONE 6 BASIS - ICE FUTURES ENERGY DIV",180612,2018-06-12,0233CU,IFED,01,023 ,  150119,     113,       0,    1389,  145310,  143661,  146812,  145050,    3307,    5069,  150119,     113,       0,    1389,  145310,  143661,  146812,  145050,    3307,    5069,       0,       0,       0,       0,       0,       0,       0,       0,       0,       0,     556,     113,     -68,     -82,     556,     675,     587,     525,     -31,      31,  100.0,    0.1,    0.0,    0.9,   96.8,   95.7,   97.8,   96.6,    2.2,    3.4,  100.0,    0.1,    0.0,    0.9,   96.8,   95.7,   97.8,   96.6,    2.2,    3.4,    0.0,    0.0,    0.0,    0.0,    0.0,    0.0,    0.0,    0.0,    0.0,    0.0,     30,      1,      0,      1,     22,     23,     23,     24,     30,      1,      0,      1,     22,     23,     23,     24,      0,      0,      0,      0,      0,      0,      0,      0,    66.0,    50.7,    81.1,    76.8,    60.9,    48.7,    68.9,    69.7,    66.0,    50.7,    81.1,    76.8,    60.9,    48.7,    68.9,    69.7,     0.0,     0.0,     0.0,     0.0,     0.0,     0.0,     0.0,     0.0,"mmbtu","0233CU","IFED","023 "
"TRANSCONTINENTAL GAS- STATION 85 (ZONE 4) - ICE FUTURES ENERGY DIV",180612,2018-06-12,0233CW,IFED,01,023 ,  152210,       0,       0,       0,  148470,  144994,  148470,  144994,    3740,    7216,  152210,       0,       0,       0,  148470,  144994,  148470,  144994,    3740,    7216,       0,       0,       0,       0,       0,       0,       0,       0,       0,       0,    1352,       0,       0,       0,    1166,    1228,    1166,    1228,     186,     124,  100.0,    0.0,    0.0,    0.0,   97.5,   95.3,   97.5,   95.3,    2.5,    4.7,  100.0,    0.0,    0.0,    0.0,   97.5,   95.3,   97.5,   95.3,    2.5,    4.7,    0.0,    0.0,    0.0,    0.0,    0.0,    0.0,    0.0,    0.0,    0.0,    0.0,     25,      0,      0,      0,     21,     18,     21,     18,     25,      0,      0,      0,     21,     18,     21,     18,      0,      0,      0,      0,      0,      0,      0,      0,    59.7,    61.3,    77.4,    84.1,    51.8,    59.4,    68.5,    73.0,    59.7,    61.3,    77.4,    84.1,    51.8,    59.4,    68.5,    73.0,     0.0,     0.0,     0.0,     0.0,     0.0,     0.0,     0.0,     0.0,"2500 mm btu","0233CW","IFED","023 "
"TRANSCONTINENTAL GAS - ZONE 6 (NY) (BASIS) - ICE FUTURES ENERGY DIV",180612,2018-06-12,0233CZ,IFED,01,023 ,   64671,    2240,    1257,       0,   53482,   62162,   55722,   63419,    8949,    1252,   64671,    2240,    1257,       0,   53482,   62162,   55722,   63419,    8949,    1252,       0,       0,       0,       0,       0,       0,       0,       0,       0,       0,     400,       0,     -62,       0,     400,     462,     400,     400,       0,       0,  100.0,    3.5,    1.9,    0.0,   82.7,   96.1,   86.2,   98.1,   13.8,    1.9,  100.0,    3.5,    1.9,    0.0,   82.7,   96.1,   86.2,   98.1,   13.8,    1.9,    0.0,    0.0,    0.0,    0.0,    0.0,    0.0,    0.0,    0.0,    0.0,    0.0,     22,      1,      1,      0,     14,     14,     15,     15,     22,      1,      1,      0,     14,     14,     15,     15,      0,      0,      0,      0,      0,      0,      0,      0,    56.8,    59.4,    76.2,    83.7,    50.4,    57.9,    61.2,    69.9,    56.8,    59.4,    76.2,    83.7,    50.4,    57.9,    61.2,    69.9,     0.0,     0.0,     0.0,     0.0,     0.0,     0.0,     0.0,     0.0,"2500 mm btu","0233CZ","IFED","023 "
"WAHA HUB - WEST TEXAS DELIVERED/BUYER'S INDEX - ICE FUTURES ENERGY DIV",180612,2018-06-12,0233D4,IFED,01,023 ,   48193,       0,     971,       0,   46174,   46068,   46174,   47039,    2019,    1154,   48193,       0,     971,       0,   46174,   46068,   46174,   47039,    2019,    1154,       0,       0,       0,       0,       0,       0,       0,       0,       0,       0,    1240,       0,     248,       0,    1272,    1114,    1272,    1362,     -32,    -122,  100.0,    0.0,    2.0,    0.0,   95.8,   95.6,   95.8,   97.6,    4.2,    2.4,  100.0,    0.0,    2.0,    0.0,   95.8,   95.6,   95.8,   97.6,    4.2,    2.4,    0.0,    0.0,    0.0,    0.0,    0.0,    0.0,    0.0,    0.0,    0.0,    0.0,     27,      0,      1,      0,     17,     16,     17,     17,     27,      0,      1,      0,     17,     16,     17,     17,      0,      0,      0,      0,      0,      0,      0,      0,    74.9,    69.8,    86.5,    84.3,    74.9,    68.6,    83.0,    81.8,    74.9,    69.8,    86.5,    84.3,    74.9,    68.6,    83.0,    81.8,     0.0,     0.0,     0.0,     0.0,     0.0,     0.0,     0.0,     0.0,"2500 mm btu","0233D4","IFED","023 "
"TETCO M2 Basis (Receipts) - ICE FUTURES ENERGY DIV",180612,2018-06-12,0233DR,IFED,01,023 ,  145461,    1469,       0,       0,  121837,  137836,  123306,  137836,   22155,    7625,  145461,    1469,       0,       0,  121837,  137836,  123306,  137836,   22155,    7625,       0,       0,       0,       0,       0,       0,       0,       0,       0,       0,       0,       0,       0,       0,       0,       0,       0,       0,       0,       0,  100.0,    1.0,    0.0,    0.0,   83.8,   94.8,   84.8,   94.8,   15.2,    5.2,  100.0,    1.0,    0.0,    0.0,   83.8,   94.8,   84.8,   94.8,   15.2,    5.2,    0.0,    0.0,    0.0,    0.0,    0.0,    0.0,    0.0,    0.0,    0.0,    0.0,     24,      1,      0,      0,     18,     14,     19,     14,     24,      1,      0,      0,     18,     14,     19,     14,      0,      0,      0,      0,      0,      0,      0,      0,    48.6,    60.0,    67.3,    87.6,    46.5,    59.1,    63.8,    76.0,    48.6,    60.0,    67.3,    87.6,    46.5,    59.1,    63.8,    76.0,     0.0,     0.0,     0.0,     0.0,     0.0,     0.0,     0.0,     0.0,"2500 MM Btus","0233DR","IFED","023 "
"TRANSCO LEIDY BASIS - ICE FUTURES ENERGY DIV",180612,2018-06-12,0233DT,IFED,01,023 ,   85984,    6938,    5992,     964,   74069,   76621,   81971,   83577,    4013,    2407,   85984,    6938,    5992,     964,   74069,   76621,   81971,   83577,    4013,    2407,       0,       0,       0,       0,       0,       0,       0,       0,       0,       0,    3283,     492,       0,     120,    3192,    3195,    3804,    3315,    -521,     -32,  100.0,    8.1,    7.0,    1.1,   86.1,   89.1,   95.3,   97.2,    4.7,    2.8,  100.0,    8.1,    7.0,    1.1,   86.1,   89.1,   95.3,   97.2,    4.7,    2.8,    0.0,    0.0,    0.0,    0.0,    0.0,    0.0,    0.0,    0.0,    0.0,    0.0,     31,      2,      1,      1,     23,     17,     25,     19,     31,      2,      1,      1,     23,     17,     25,     19,      0,      0,      0,      0,      0,      0,      0,      0,    44.2,    53.7,    70.8,    80.5,    40.6,    53.0,    63.0,    75.0,    44.2,    53.7,    70.8,    80.5,    40.6,    53.0,    63.0,    75.0,     0.0,     0.0,     0.0,     0.0,     0.0,     0.0,     0.0,     0.0,"2500 mm btu","0233DT","IFED","023 "
"REX ZONE 3 BASIS - ICE FUTURES ENERGY DIV",180612,2018-06-12,0233EB,IFED,01,023 ,  181117,    4682,       0,       0,  173876,  178967,  178558,  178967,    2559,    2150,  181117,    4682,       0,       0,  173876,  178967,  178558,  178967,    2559,    2150,       0,       0,       0,       0,       0,       0,       0,       0,       0,       0,    3256,       0,       0,       0,    3194,    3748,    3194,    3748,      62,    -492,  100.0,    2.6,    0.0,    0.0,   96.0,   98.8,   98.6,   98.8,    1.4,    1.2,  100.0,    2.6,    0.0,    0.0,   96.0,   98.8,   98.6,   98.8,    1.4,    1.2,    0.0,    0.0,    0.0,    0.0,    0.0,    0.0,    0.0,    0.0,    0.0,    0.0,     26,      1,      0,      0,     15,     17,     16,     17,     26,      1,      0,      0,     15,     17,     16,     17,      0,      0,      0,      0,      0,      0,      0,      0,    84.1,    64.8,    95.1,    84.8,    80.2,    64.7,    85.0,    80.3,    84.1,    64.8,    95.1,    84.8,    80.2,    64.7,    85.0,    80.3,     0.0,     0.0,     0.0,     0.0,     0.0,     0.0,     0.0,     0.0,"2500 MMBtus","0233EB","IFED","023 "
"NATURAL GAS - NEW YORK MERCANTILE EXCHANGE",180612,2018-06-12,023651,NYME,01,023 , 1495048,  341387,  402512,  530948,  550028,  529088, 1422363, 1462548,   72685,   32500, 1495048,  341387,  402512,  530948,  550028,  529088, 1422363, 1462548,   72685,   32500,       0,       0,       0,       0,       0,       0,       0,       0,       0,       0,  -76016,   -9134,   -7446,  -26584,  -42953,  -40025,  -78671,  -74055,    2655,   -1961,  100.0,   22.8,   26.9,   35.5,   36.8,   35.4,   95.1,   97.8,    4.9,    2.2,  100.0,   22.8,   26.9,   35.5,   36.8,   35.4,   95.1,   97.8,    4.9,    2.2,    0.0,    0.0,    0.0,    0.0,    0.0,    0.0,    0.0,    0.0,    0.0,    0.0,    319,    130,     78,    155,     71,     66,    297,    236,    319,    130,     78,    155,     71,     66,    297,    236,      0,      0,      0,      0,      0,      0,      0,      0,    20.0,    24.3,    31.7,    40.0,     9.7,    18.3,    15.7,    24.7,    20.0,    24.3,    31.7,    40.0,     9.7,    18.3,    15.7,    24.7,     0.0,     0.0,     0.0,     0.0,     0.0,     0.0,     0.0,     0.0,"(Contracts of 10,000 MMBTU'S)","023651","NYME","023 "
"HENRY HUB LAST DAY FIN - NEW YORK MERCANTILE EXCHANGE",180612,2018-06-12,023A55,NYME,01,023 ,  405708,  229884,  164474,   41398,  116113,  186685,  387395,  392557,   18313,   13151,  405708,  229884,  164474,   41398,  116113,  186685,  387395,  392557,   18313,   13151,       0,       0,       0,       0,       0,       0,       0,       0,       0,       0,    4597,    4079,     489,    -309,   -1542,    3935,    2228,    4115,    2369,     482,  100.0,   56.7,   40.5,   10.2,   28.6,   46.0,   95.5,   96.8,    4.5,    3.2,  100.0,   56.7,   40.5,   10.2,   28.6,   46.0,   95.5,   96.8,    4.5,    3.2,    0.0,    0.0,    0.0,    0.0,    0.0,    0.0,    0.0,    0.0,    0.0,    0.0,     76,     19,     20,     23,     33,     32,     64,     64,     76,     19,     20,     23,     33,     32,     64,   
